"","individual_id","V1","V2","V3","V4","V5","V6","V7","V8","V9","V10","V11","V12","V13","V14","V15","V16","V17","V18","V19","V20","V21","V22","V23","V24","V25","V26","V27","V28","V29","V30","V31","V32","V33","V34","V35","V36","V37","V38","V39","V40","V41","V42","V43","V44","V45","V46","V47","V48","V49","V50","V51","V52","V53","V54","V55","V56","V57","V58","V59","V60","V61","V62","V63","V64","V65","V66","V67","V68","V69","V70","V71","V72","V73","V74","V75","V76","V77","V78","V79","V80","V81","V82","V83","V84","V85","V86","V87","V88","V89","V90","V91","V92","V93","V94","V95","V96","V97","V98","V99","V100","V101","V102","V103","V104","V105","V106","V107","V108","V109","V110","V111","V112","V113","V114","V115","V116","V117","V118","V119","V120","V121","V122","V123","V124","V125","V126","V127","V128","V129","V130","V131","V132","V133","V134","V135","V136","V137","V138","V139","V140","V141","V142","V143","V144","V145","V146","V147","V148","V149","V150","V151","V152","V153","V154","V155","V156","V157","V158","V159","V160","V161","V162","V163","V164","V165","V166","V167","V168","V169","V170","V171","V172","V173","V174","V175","V176","V177","V178","V179","V180","V181","V182","V183","V184","V185","V186","V187","V188","V189","V190","V191","V192","V193","V194","V195","V196","V197","V198","V199","V200","V201","V202","V203","V204","V205","V206","V207","V208","V209","V210","V211","V212","V213","V214","V215","V216","V217","V218","V219","V220","V221","V222","V223","V224","V225","V226","V227","V228","V229","V230","V231","V232","V233","V234","V235","V236","V237","V238","V239","V240","V241","V242","V243","V244","V245","V246","V247","V248","V249","V250","V251","V252","V253","V254","V255","V256","V257","V258","V259","V260","V261","V262","V263","V264","V265","V266","V267","V268","V269","V270","V271","V272","V273","V274","V275","V276","V277","V278","V279","V280","V281","V282","V283","V284","V285","V286","V287","V288","V289","V290","V291","V292","V293","V294","V295","V296","V297","V298","V299","V300","V301","V302","V303","V304","V305","V306","V307","V308","V309","V310","V311","V312","V313","V314","V315","V316","V317","V318","V319","V320","V321","V322","V323","V324","V325","V326","V327","V328","V329","V330","V331","V332","V333","V334","V335","V336","V337","V338","V339","V340","V341","V342","V343","V344","V345","V346","V347","V348","V349","V350","V351","V352","V353","V354","V355","V356","V357","V358","V359","V360","V361","V362","V363","V364","V365","V366","V367","V368","V369","V370","V371","V372","V373","V374","V375","V376","V377","V378","V379","V380","V381","V382","V383","V384","V385","V386","V387","V388","V389","V390","V391","V392","V393","V394","V395","V396","V397","V398","V399","V400","V401","V402","V403","V404","V405","V406","V407","V408","V409","V410","V411","V412","V413","V414","V415","V416","V417","V418","V419","V420","V421","V422","V423","V424","V425","V426","plot_id","unique_id","site_id","plotid","aMeasuredBy","bMeasuredBy","tag_id","taxonid","genus","species","evergreen.vs.deciduous","common_name","canopy_ht1","canopy_ht2","canopy_ht3","canopy_ht4","canopy_ht5","avg_canopy_ht","num_shots_or_samples","remarks","heightMaxVD1","heightMaxVD2","heightMinVD1","heightMinVD2","point_id","stem_azimuth","stem_distance","height1VD1","height1VD2","height2VD1","height2VD2","heightrange1","heightrange2","aop_plot","initials","punch_diameter","punch_scan_count","mass_count","total_sample_mass","mass_per_punch_leaf","total_sample_area","avg_punch_leaf_area","mass_per_area","plant_type","wyo_sample_id","fifteen_n","thirteen_c","total_n","total_c","notes","siteID","plotType","subtype","Plot_ID","plotSize","plotDimens","referenceP","decimalLat","decimalLon","geodeticDa","utmZone","easting","northing","coordinate","elevation","elevationU","minimumEle","maximumEle","slopeGradi","slopeAspec","utm_e","utm_n","rel_x","rel_y"
"1","F008",588,676,788,777,630,671,720,755,806,888,882,912,995,986,966,1005,1054,1022,1030,1065,1072,1077,1095,1094,1116,1156,1219,1253,1252,1312,1362,1396,1429,1437,1472,1561,1544,1550,1580,1628,1636,1652,1661,1658,1686,1716,1747,1783,1749,1757,1798,1821,1826,1871,1860,1915,1880,1870,1888,1887,1941,2012,2066,2121,2196,2273,2328,2331,2444,2533,2628,2632,2669,2720,2734,2641,2924,2921,2899,2902,2954,2976,2983,3022,3017,3023,2986,3090,3109,3148,3174,3208,3226,3285,3347,3318,3366,3436,3366,3360,3408,3384,3354,3390,3486,3519,3480,3504,3459,3282,3588,3766,3493,3614,3591,3564,3656,3699,3686,3753,3855,3865,3924,3907,3919,3963,4012,4019,4051,4082,4087,4111,4119,4146,4176,4196,4224,4232,4239,4215,4201,4219,4186,4092,4122,4085,3895,4004,4405,4505,4506,4312,3779,4213,4206,4188,4172,4228,4246,4319,4297,4403,4445,4393,4454,4472,4582,4624,4652,4720,4789,4802,4795,4856,4859,4849,4877,5021,5009,4937,4983,4959,4958,4751,4895,4997,4918,4913,4987,4603,4969,5124,4985,6183,14998,14998,14998,14998,14998,14998,14998,14998,14998,14998,14998,14998,9237,5800,3991,4401,4189,4158,4006,4042,4104,3874,4034,4029,4455,4133,4081,4278,4196,4186,4189,4367,4422,4486,4502,4554,4603,4604,4688,4656,4657,4667,4664,4668,4605,4707,4719,4652,4758,4813,4900,4879,4880,4852,4962,4978,4925,4872,4946,4939,4953,5010,4921,4945,4883,4903,4925,4902,4899,4868,4874,4872,4905,4760,4739,4693,4672,4771,4690,4814,4689,4721,4587,4650,4384,4538,4467,4640,4714,4904,5650,7053,12165,14998,14998,14998,14998,14998,14998,14998,14998,14998,14998,14998,14998,14998,14998,14998,14998,14998,14998,14998,14998,14998,14998,10017,5762,5419,3643,3442,3036,3413,3875,3658,3750,3834,3841,3893,3662,3227,4050,3967,3863,4103,4047,4008,4053,3945,4044,3928,3951,3980,3956,3969,4016,3926,3902,3876,3887,3910,3837,3855,3857,3882,3914,3891,3855,3883,3853,3859,3892,3850,3833,3885,3876,3868,3890,3915,3896,3914,3859,3899,3966,3977,3965,3968,3884,3814,3780,3702,3633,3585,3504,3509,3465,3424,3434,3392,3370,3382,3368,3349,3303,3269,3279,3247,3212,3174,3165,3084,3185,3146,3059,3111,2968,2873,2897,2997,2963,2913,2805,2784,2604,2769,2814,2722,2703,2711,2380,2514,2599,2471,2515,2417,2309,2385,3580,5043,4690,3989,6340,14144,"OSBS_028","D314_F008","OSBS","OSBS028","D03_BC15","D03_BC14",NA,"PIPA2","Pinus","palustris","coniferous","longleaf pine",NA,NA,NA,NA,NA,NA,NA,"",10.9,-1.2,2.2,-1.3,41,243.9,17,6.2,-1.4,5.8,-1.4,NA,NA,"OSBS_028","BC15; BC14",NA,17,17,1.1138,0.0655,40.51523,2.3832,0.0275,NA,20140170.07,-3.5926819,-28.2813225,0.8147427,49.962468,"","OSBS","tower","basePlot","OSBS028",1600,"40m x 40m",41,29.685933,-81.995718,"WGS84","17N",403661.842,3284399.561,0.1,45,0.1,44.22,46.11,0.74,0,403646.575531212,3284392.08203411,5,13
"2","F011",391,393,485,455,360,374,393,413,449,485,488,514,542,542,538,547,563,552,556,575,578,600,596,594,619,661,733,768,808,887,958,981,1040,1035,1060,1113,1093,1068,1063,1066,1055,1055,1050,1025,1043,1046,1040,1062,1037,1026,1030,1049,1043,1047,1013,1031,1004,990,996,992,1013,1105,1225,1401,1622,1828,2021,2200,2462,2662,2870,2984,3092,3165,3208,3041,3435,3424,3402,3411,3438,3423,3452,3474,3485,3483,3419,3508,3545,3523,3574,3614,3640,3667,3721,3724,3741,3817,3737,3738,3758,3748,3621,3687,3785,3778,3724,3752,3661,3416,3680,3912,3630,3674,3645,3615,3698,3740,3685,3779,3864,3896,3931,3945,3937,3986,4025,4047,4087,4112,4124,4140,4168,4179,4187,4214,4227,4249,4254,4212,4177,4171,4089,4054,4015,3945,3748,3835,4162,4324,4178,4019,3435,3753,3662,3699,3663,3713,3721,3767,3756,3809,3817,3797,3839,3851,3928,3968,4025,4074,4111,4140,4156,4190,4197,4189,4194,4324,4303,4252,4254,4222,4209,4007,4114,4182,4074,3980,4016,3666,3897,3989,3878,4946,14998,14998,14998,14998,14998,14998,14998,14998,14998,14998,14998,14998,7129,3778,2436,2499,2661,2376,2141,2164,2141,2054,2158,2139,2341,2216,2189,2237,2220,2245,2254,2361,2421,2468,2501,2549,2596,2629,2694,2692,2739,2741,2778,2783,2773,2840,2874,2848,2918,2962,3017,3047,3040,3022,3102,3133,3116,3108,3113,3133,3150,3181,3137,3148,3134,3125,3135,3139,3117,3089,3087,3061,3078,2996,2966,2943,2932,2936,2912,2948,2857,2890,2796,2812,2692,2771,2699,2871,2903,3246,3741,4967,9106,14998,14998,14998,14998,14998,14998,14998,14998,14998,14998,14998,14998,14998,14998,14998,14998,14998,14998,14998,14998,14998,14998,11853,4150,3323,2114,1746,1638,1646,1800,1720,1718,1804,1805,1803,1751,1663,1991,2023,1973,1950,1952,1930,1960,1941,1976,1980,1979,2000,1988,1988,1993,1993,1989,1984,1990,2013,1984,1998,2008,2020,2052,2046,2028,2045,2030,2063,2080,2050,2043,2079,2065,2078,2092,2129,2120,2138,2096,2144,2145,2150,2127,2127,2108,2058,2041,2013,1986,1941,1879,1886,1865,1844,1835,1817,1784,1803,1803,1775,1749,1729,1709,1695,1687,1641,1669,1622,1657,1642,1602,1627,1555,1504,1502,1529,1544,1519,1440,1431,1430,1411,1422,1434,1397,1347,1363,1309,1337,1291,1294,1326,1259,1673,2312,3685,3208,3053,5139,13862,"OSBS_028","D314_F011","OSBS","OSBS028","D03_BC15","D03_BC14",NA,"QULA2","Quercus","laevis","deciduous","turkey oak",NA,NA,NA,NA,NA,NA,NA,"",8.2,-1.6,1.7,-1.6,41,261.3,18.8,6.4,-1.6,6.2,-1.6,NA,NA,"OSBS_028","BC15; BC14",1.905,16,16,0.6235,0.039,45.60367312,2.8502,0.0137,NA,20140170.07,-3.5686603,-27.99687,0.8222247,46.655896,"","OSBS","tower","basePlot","OSBS028",1600,"40m x 40m",41,29.685933,-81.995718,"WGS84","17N",403661.842,3284399.561,0.1,45,0.1,44.22,46.11,0.74,0,403643.258314928,3284396.71729658,1,17
"3","F020",112,154,216,172,94,97,123,113,132,161,148,153,170,179,172,178,176,171,170,184,172,169,185,185,200,212,261,300,339,409,451,474,502,512,527,552,522,499,475,463,448,427,422,409,417,406,387,381,378,366,374,360,356,342,331,324,297,293,295,295,302,369,476,639,835,1073,1283,1495,1789,2070,2338,2489,2662,2800,2861,2745,3060,3079,3040,3065,3070,3055,3102,3103,3108,3114,3056,3109,3175,3144,3194,3224,3245,3267,3341,3325,3362,3394,3362,3359,3356,3351,3272,3259,3363,3362,3316,3303,3277,3067,3251,3448,3184,3201,3158,3154,3188,3194,3164,3261,3315,3337,3384,3428,3391,3431,3477,3516,3522,3581,3575,3565,3613,3622,3640,3637,3670,3675,3668,3631,3606,3607,3540,3475,3454,3395,3184,3263,3491,3562,3513,3313,2843,3035,2962,2935,2887,2941,2933,2933,2927,2965,2981,2935,2985,2999,3064,3094,3141,3204,3253,3281,3287,3325,3327,3304,3313,3420,3410,3362,3377,3324,3302,3129,3200,3239,3127,2998,2971,2677,2831,2825,2660,3348,14998,14998,14998,14998,14998,14998,14998,14998,14998,14998,14998,14998,4023,2160,1297,956,1081,1135,879,889,805,744,753,834,891,874,864,886,895,918,941,1003,1042,1082,1107,1154,1192,1215,1259,1292,1301,1334,1352,1368,1372,1418,1444,1447,1497,1537,1573,1600,1608,1611,1648,1657,1671,1659,1681,1669,1679,1697,1655,1675,1657,1652,1654,1646,1635,1612,1600,1578,1574,1519,1498,1481,1456,1468,1434,1454,1401,1392,1342,1337,1271,1294,1274,1320,1374,1446,1882,2433,4857,10933,14998,14998,14998,14998,14998,14998,14998,14998,14998,14998,14998,14998,14998,14998,14998,14998,14998,14998,14998,14998,12361,5813,1395,1042,532,396,553,431,401,345,366,363,384,387,359,367,530,458,496,503,492,487,492,500,497,501,524,530,526,542,553,540,552,544,558,568,560,559,573,585,586,584,587,594,595,618,627,628,635,653,663,657,672,691,701,706,704,720,716,711,709,711,687,666,644,631,606,586,573,561,541,533,535,497,518,496,496,478,460,477,464,457,423,431,428,393,394,400,413,399,376,346,354,377,396,340,344,333,333,343,324,298,360,288,279,392,289,255,335,429,373,491,1338,2945,1321,1247,3077,7312,"OSBS_027","D314_F020","OSBS","OSBS027","D03_BC15","D03_BC14",NA,"PIPA2","Pinus","palustris","coniferous","longleaf pine",NA,NA,NA,NA,NA,NA,NA,"",12.5,-1.4,4.8,-1.4,41,233.6,17.6,5.1,-1.4,6.8,-1.5,NA,NA,"OSBS_027","BC15; BC14",NA,17,17,1.0621,0.0625,44.44776,2.6146,0.0239,NA,20140170.07,-3.426587,-30.2430614,0.6282811,50.4317353,"","OSBS","tower","basePlot","OSBS027",1600,"40m x 40m",41,29.691969,-81.992063,"WGS84","17N",404021.276,3285065.468,0.12,41.27,0.21,40.59,43.92,0,217,404007.109869167,3285055.0238276,6,10
"4","F024",166,216,211,199,124,133,138,154,177,208,210,224,227,243,242,244,266,253,263,265,269,270,267,275,292,331,392,445,507,579,645,666,697,701,727,745,722,679,662,644,618,604,595,593,584,561,550,542,526,522,517,522,509,489,465,458,425,419,422,421,430,511,660,871,1098,1331,1546,1772,2048,2276,2508,2633,2717,2813,2867,2717,3076,3073,3020,3060,3052,3063,3076,3122,3113,3109,3058,3153,3226,3195,3191,3234,3238,3287,3347,3332,3338,3409,3333,3353,3358,3325,3258,3312,3377,3386,3330,3352,3276,3067,3306,3479,3193,3303,3233,3156,3229,3238,3171,3254,3320,3346,3383,3406,3399,3457,3490,3520,3578,3584,3617,3635,3690,3709,3711,3713,3747,3775,3738,3721,3717,3671,3637,3555,3573,3496,3250,3420,3668,3786,3647,3424,2924,3116,3023,2995,2942,2941,2957,2960,2928,2974,2978,2935,2968,3009,3095,3102,3167,3222,3268,3309,3333,3374,3384,3386,3385,3481,3471,3416,3428,3401,3346,3169,3240,3279,3163,3080,3022,2727,2867,2853,2741,3391,14998,14998,14998,14998,14998,14998,14998,14998,14998,14998,14998,12157,3842,2580,1358,1149,1214,1046,993,936,860,821,881,890,981,941,906,954,932,958,979,1039,1075,1122,1146,1192,1211,1243,1280,1298,1330,1340,1375,1387,1389,1425,1461,1457,1506,1550,1600,1626,1634,1638,1685,1710,1699,1694,1718,1739,1744,1736,1718,1728,1710,1694,1698,1686,1656,1645,1626,1603,1596,1545,1531,1518,1492,1515,1463,1483,1441,1435,1388,1374,1291,1339,1306,1356,1462,1619,1826,2493,5819,13073,13588,14998,14998,14998,14998,14998,14998,14998,14998,14998,14998,14998,14998,14998,14998,14998,14998,14998,14998,14998,12153,7709,2870,960,657,557,506,476,481,456,463,464,488,501,478,438,606,556,556,571,564,588,581,581,588,597,595,600,622,620,610,612,608,613,619,631,630,635,641,655,658,664,662,676,673,694,712,706,725,731,736,748,754,769,776,792,777,803,781,781,779,769,752,740,717,692,674,650,630,604,593,575,590,572,579,562,543,534,537,536,518,507,497,477,484,483,469,484,450,475,438,447,431,409,440,418,414,376,362,387,393,346,391,343,309,390,361,376,350,394,433,639,1326,1700,1555,1472,3242,9240,"OSBS_027","D314_F024","OSBS","OSBS027","D03_BC15","D03_BC14",NA,"QULA2","Quercus","laevis","deciduous","turkey oak",NA,NA,NA,NA,NA,NA,NA,"",7.6,-1.5,0.9,-1.5,41,11.3,19.6,5.6,-1.5,7.1,-1.5,NA,NA,"OSBS_027","BC15; BC14",1.905,18,18,0.7109,0.0395,51.30413226,2.8502,0.0139,NA,20140170.07,-2.0623142,-30.3095722,1.2937789,49.9661847,"","OSBS","tower","basePlot","OSBS027",1600,"40m x 40m",41,29.691969,-81.992063,"WGS84","17N",404021.276,3285065.468,0.12,41.27,0.21,40.59,43.92,0,217,404025.116544427,3285084.68804731,24,39
"5","F030",252,249,305,301,221,250,273,278,313,333,352,365,392,395,385,402,423,419,422,441,439,457,454,447,469,487,522,531,535,573,592,616,626,644,666,695,692,698,709,742,755,750,768,777,792,815,839,875,870,880,892,934,947,960,980,1004,1034,1043,1061,1068,1115,1163,1197,1271,1342,1399,1428,1483,1579,1679,1742,1783,1837,1889,1928,1839,2137,2121,2087,2133,2170,2196,2216,2249,2285,2294,2278,2354,2418,2451,2493,2544,2553,2608,2672,2680,2710,2798,2745,2763,2783,2786,2719,2771,2877,2914,2870,2904,2848,2664,2920,3155,2924,2983,2963,2972,3065,3109,3089,3155,3240,3243,3311,3308,3299,3351,3372,3441,3450,3507,3478,3537,3563,3581,3587,3570,3633,3658,3650,3657,3640,3665,3612,3510,3558,3480,3212,3441,3683,3867,3777,3660,3147,3550,3495,3535,3566,3597,3620,3616,3621,3743,3796,3764,3789,3827,3937,3991,4032,4081,4125,4183,4224,4252,4269,4272,4282,4456,4443,4383,4427,4416,4368,4198,4329,4422,4369,4329,4349,3949,4266,4339,4111,4753,14998,14998,14998,14998,14998,14998,14998,14998,14998,14998,14998,14998,6497,4076,2933,2853,2882,2772,2662,2679,2750,2634,2674,2615,3021,2823,2782,2957,2979,2997,2985,3145,3189,3274,3291,3353,3407,3404,3492,3494,3499,3472,3506,3512,3455,3548,3573,3532,3624,3680,3764,3799,3762,3785,3881,3905,3877,3822,3791,3857,3831,3873,3803,3786,3779,3763,3752,3728,3694,3644,3627,3620,3620,3485,3484,3471,3421,3528,3453,3511,3374,3433,3343,3362,3136,3279,3165,3302,3299,3498,3972,4748,7112,14998,14998,14998,14998,14998,14998,14998,14998,14998,14998,14998,14998,14998,14998,14998,14998,14998,14998,14998,14998,14998,14998,9287,2958,2736,2058,1960,1755,2067,2297,2184,2238,2304,2365,2379,2217,1975,2476,2487,2408,2520,2510,2441,2458,2401,2414,2291,2281,2289,2280,2271,2250,2222,2206,2174,2161,2184,2182,2163,2173,2187,2209,2218,2211,2211,2183,2245,2265,2268,2281,2319,2336,2338,2344,2338,2410,2422,2409,2410,2421,2428,2404,2375,2340,2285,2203,2144,2101,1987,1953,1928,1882,1857,1873,1834,1794,1786,1777,1767,1726,1711,1711,1731,1685,1634,1641,1614,1661,1675,1593,1632,1582,1536,1562,1519,1560,1516,1481,1438,1405,1433,1429,1373,1396,1324,1181,1243,1331,1184,1243,1224,1111,1194,1595,3250,2124,2101,5652,12284,"OSBS_026","D314_F030","OSBS","OSBS026","D03_BC15","D03_BC14",NA,"QULA2","Quercus","laevis","deciduous","turkey oak",NA,NA,NA,NA,NA,NA,NA,"",13.8,-0.6,4.4,-0.6,41,12.7,3.4,5.8,-2.2,6.9,-1.3,NA,NA,"OSBS_026","BC15; BC14",1.27,24,24,0.3695,0.0154,30.40244875,1.2668,0.0122,NA,20140170.08,-2.8494716,-30.1080836,0.9877749,49.4367665,"","OSBS","tower","basePlot","OSBS026",1600,"40m x 40m",41,29.693584,-81.992057,"WGS84","17N",404023.395,3285244.408,0.1,42.96,0.14,41.16,45.67,2.06,100,404024.142477095,3285247.72481745,21,23
"6","F032",113,141,177,165,102,108,103,128,145,160,169,162,193,186,186,197,205,195,191,213,209,206,207,210,224,244,277,310,334,382,416,432,461,459,473,495,480,455,439,443,430,422,429,416,425,419,425,413,402,406,408,415,415,404,395,394,380,377,381,381,393,451,531,666,809,940,1078,1218,1391,1571,1710,1799,1880,1935,1978,1864,2162,2159,2132,2138,2148,2153,2171,2166,2211,2199,2160,2217,2262,2248,2319,2323,2362,2384,2424,2417,2434,2454,2425,2445,2433,2448,2381,2408,2487,2447,2441,2482,2399,2187,2406,2592,2348,2419,2372,2356,2412,2462,2379,2489,2532,2537,2567,2582,2593,2656,2698,2709,2762,2778,2786,2809,2803,2846,2868,2874,2881,2905,2913,2896,2881,2875,2828,2755,2747,2689,2480,2605,2849,2938,2749,2645,2209,2471,2394,2400,2350,2389,2387,2384,2383,2439,2446,2410,2465,2496,2534,2576,2620,2691,2716,2767,2784,2806,2815,2833,2817,2935,2934,2871,2896,2873,2860,2699,2750,2771,2656,2573,2595,2276,2467,2388,2188,2724,14998,14998,14998,14998,14998,14998,14998,14998,14998,14998,14998,11511,3917,2037,1200,1150,1180,1078,1070,962,922,871,892,980,1016,971,960,1008,1007,1005,1035,1092,1126,1171,1181,1204,1245,1270,1305,1313,1328,1333,1369,1369,1366,1415,1440,1440,1478,1492,1547,1589,1594,1574,1639,1658,1651,1647,1664,1656,1659,1674,1638,1644,1616,1631,1622,1604,1590,1570,1549,1547,1539,1464,1471,1444,1437,1450,1422,1434,1388,1379,1343,1322,1254,1301,1283,1292,1393,1410,1717,2195,4360,9662,14552,14998,14998,14998,14998,14998,14998,14998,14998,14998,14998,14998,14998,14998,14998,14998,14998,14998,14998,14998,10496,3464,2577,1267,702,597,649,608,638,576,607,623,638,651,603,589,776,764,732,750,734,720,717,713,710,711,740,716,720,718,718,698,699,690,702,695,690,699,700,724,718,724,732,725,722,743,770,752,780,789,796,794,804,808,837,838,842,849,832,846,833,816,806,776,766,736,706,677,665,654,646,623,637,629,600,602,606,573,564,574,565,548,561,539,534,537,542,510,502,532,507,490,496,508,490,449,471,482,472,487,438,434,470,417,426,460,424,380,415,438,469,666,1502,2566,1302,1352,3038,5623,"OSBS_008","D314_F032","OSBS","OSBS008","D03_BC15","D03_BC14",NA,"PIPA2","Pinus","palustris","coniferous","longleaf pine",NA,NA,NA,NA,NA,NA,NA,"",7.8,-1.8,3.7,-1.8,41,276.4,3.8,5.3,-1.8,6.1,-1.7,NA,NA,"OSBS_008","BC15; BC14",NA,18,18,1.1647,0.0647,46.8364,2.602,0.0249,NA,20140170.08,-3.3829332,-29.100703,0.6706812,49.369795,"","OSBS","distributed","basePlot","OSBS008",1600,"40m x 40m",41,29.685058,-82.007162,"WGS84","17N",402553.71,3284312.214,0.1,45.2,0.11,44.15,46.37,-1.72,330,402549.933681907,3284312.63758194,16,20
"7","F037",138,195,193,176,123,135,129,141,170,199,204,217,227,224,224,228,252,246,243,252,244,257,252,263,268,294,353,397,446,511,555,589,615,623,634,656,627,603,588,581,552,528,530,519,519,508,494,489,473,480,469,470,453,444,436,407,393,387,389,388,397,471,584,757,980,1217,1430,1626,1906,2159,2420,2553,2704,2794,2863,2730,3052,3077,3026,3055,3079,3061,3081,3087,3091,3093,2986,3071,3088,3118,3139,3092,3236,3272,3323,3300,3350,3385,3315,3322,3330,3310,3201,3184,3286,3251,3175,3229,3144,2927,2995,3117,2921,3027,2934,2927,3039,3104,3046,3156,3250,3292,3317,3342,3325,3392,3448,3450,3481,3537,3544,3577,3585,3623,3621,3635,3650,3668,3649,3628,3585,3574,3508,3399,3353,3301,3046,3052,3122,3349,3229,3015,2537,2724,2736,2812,2798,2807,2809,2834,2771,2827,2867,2829,2861,2898,2954,3025,3053,3134,3183,3216,3246,3263,3277,3263,3261,3374,3363,3291,3302,3270,3239,3035,3099,3137,2987,2882,2836,2528,2631,2681,2661,3321,14998,14998,14998,14998,14998,14998,14998,14998,14998,14998,14998,14998,4962,1912,1073,1096,1220,976,901,845,781,758,822,809,921,831,848,907,902,944,963,1026,1069,1101,1130,1173,1213,1248,1281,1303,1316,1348,1382,1393,1406,1434,1473,1464,1517,1541,1589,1620,1627,1622,1663,1699,1696,1675,1712,1713,1726,1744,1714,1714,1701,1710,1708,1712,1686,1668,1658,1629,1630,1581,1543,1547,1522,1520,1491,1488,1445,1440,1390,1398,1304,1334,1313,1415,1395,1645,1901,2387,6463,14998,14998,14998,14998,14998,14998,14998,14998,14998,14998,14998,14998,14998,14998,14998,14998,14998,14998,14998,14998,14998,14998,12278,2915,1407,622,469,527,507,492,484,468,490,518,512,514,491,577,627,537,596,599,617,626,632,657,661,648,653,659,672,688,678,679,669,688,700,702,704,722,712,727,725,734,744,750,778,777,768,791,794,809,795,804,833,821,823,839,855,861,860,863,836,827,832,789,774,766,713,696,682,689,648,670,647,626,631,628,603,602,581,588,567,575,544,532,539,531,523,521,511,476,494,445,462,430,447,431,443,418,409,404,391,400,385,361,386,379,358,376,453,301,661,1389,2916,1562,1939,4712,13983,"OSBS_002","D314_F037","OSBS","OSBS002","D03_BC15","D03_BC14",NA,"PIPA2","Pinus","palustris","coniferous","longleaf pine",NA,NA,NA,NA,NA,NA,NA,"",14.2,-1.4,8.8,-1.4,41,52,7.8,8.9,-1.5,9.2,-1.5,NA,NA,"OSBS_002","BC15; BC14",NA,19,19,1.1232,0.0591,45.59833,2.3999,0.0246,NA,20140170.08,-3.5780112,-29.169072,0.6151202,49.198587,"","OSBS","distributed","basePlot","OSBS002",1600,"40m x 40m",41,29.70386,-81.956817,"WGS84","17N",407442.288,3286354.411,0.18,31.51,0.17,31.23,34.69,-0.57,310,407448.434483878,3286359.21315951,26,25
"8","F039",154,206,235,172,131,130,136,138,159,198,203,218,244,233,220,230,250,242,244,254,253,261,260,263,277,307,364,405,455,518,551,584,615,625,636,659,639,607,588,573,559,538,535,524,522,510,508,495,477,484,488,487,472,452,450,434,410,404,407,405,415,490,610,778,987,1225,1452,1651,1956,2259,2542,2737,2874,2988,3053,2872,3285,3298,3243,3266,3291,3286,3294,3311,3307,3315,3198,3278,3337,3310,3398,3453,3487,3508,3596,3567,3591,3668,3560,3584,3583,3573,3435,3417,3516,3482,3404,3495,3388,3106,3258,3395,3126,3175,3174,3151,3262,3355,3260,3407,3506,3538,3598,3615,3604,3667,3736,3756,3813,3849,3867,3905,3907,3953,3959,3992,4000,4011,3991,3951,3920,3914,3838,3702,3674,3590,3303,3282,3393,3556,3498,3247,2669,3017,2946,3005,3000,3016,3018,3028,2987,3054,3076,3025,3080,3117,3183,3242,3290,3382,3431,3471,3494,3535,3553,3527,3532,3640,3651,3576,3583,3542,3493,3272,3341,3382,3218,3092,3055,2688,2823,2884,2840,3748,14998,14998,14998,14998,14998,14998,14998,14998,14998,14998,14998,14998,5154,2438,1355,1194,1190,1087,882,927,854,820,858,929,996,963,925,982,987,1015,1050,1101,1155,1179,1209,1264,1308,1336,1366,1406,1415,1441,1457,1494,1478,1528,1556,1548,1598,1633,1697,1727,1723,1720,1779,1809,1803,1790,1822,1827,1827,1859,1830,1828,1812,1807,1819,1811,1784,1763,1744,1722,1722,1672,1639,1612,1597,1600,1580,1579,1539,1521,1487,1472,1384,1424,1410,1479,1515,1657,2217,3000,7673,14998,14998,14998,14998,14998,14998,14998,14998,14998,14998,14998,14998,14998,14998,14998,14998,14998,14998,14998,14998,14998,14998,10259,2744,1479,800,664,680,623,576,542,538,559,572,587,568,561,729,733,745,727,693,691,716,709,720,749,754,731,755,740,761,750,762,761,763,777,758,767,791,788,800,802,809,807,815,829,853,845,866,866,888,865,889,893,901,917,909,929,934,934,943,917,895,903,867,853,809,778,772,751,749,703,736,708,692,678,671,649,659,651,626,622,611,608,594,560,599,565,567,561,529,513,506,520,534,518,491,440,484,451,447,453,439,405,429,373,400,415,335,464,378,780,1714,2378,2890,2194,4532,12603,"OSBS_002","D314_F039","OSBS","OSBS002","D03_BC15","D03_BC14",NA,"PIPA2","Pinus","palustris","coniferous","longleaf pine",NA,NA,NA,NA,NA,NA,NA,"",11.3,-1.5,6.7,-1.5,41,136.5,12.1,7.2,-1.5,7.1,-1.6,NA,NA,"OSBS_002","BC15; BC14",NA,18,18,0.7896,0.0439,38.35217,2.1307,0.0206,NA,20140170.08,-2.6324282,-28.7700428,0.848584,50.4676588,"","OSBS","distributed","basePlot","OSBS002",1600,"40m x 40m",41,29.70386,-81.956817,"WGS84","17N",407442.288,3286354.411,0.18,31.51,0.17,31.23,34.69,-0.57,310,407450.617090366,3286345.63397011,28,11
"9","F046",79,100,116,90,53,53,68,52,76,90,92,72,95,77,74,85,89,88,74,86,78,79,77,79,75,84,98,113,113,124,133,140,147,145,143,156,146,139,131,129,132,130,127,132,125,125,128,135,116,118,120,126,124,131,124,131,125,121,122,121,124,147,166,198,250,287,345,401,480,560,647,705,771,805,845,805,1019,948,922,939,941,947,980,967,985,987,961,1017,1025,1016,1052,1067,1082,1095,1125,1120,1124,1165,1135,1136,1146,1139,1090,1108,1131,1133,1107,1146,1080,1000,1271,1262,1093,1157,1150,1108,1122,1115,1088,1142,1171,1190,1207,1227,1222,1272,1273,1284,1309,1312,1340,1338,1358,1366,1374,1383,1395,1404,1404,1378,1360,1361,1336,1289,1283,1227,1176,1340,1446,1435,1392,1166,1021,1103,1092,1057,1034,1021,1029,1035,1023,1039,1051,1043,1064,1072,1120,1136,1146,1190,1215,1245,1257,1260,1271,1270,1304,1329,1343,1304,1310,1286,1268,1181,1199,1204,1132,1072,1030,900,929,936,897,1539,14998,14998,14998,14998,14998,14998,14998,14998,14998,14998,14998,12208,3599,1213,591,403,634,451,336,302,233,234,229,284,281,288,273,276,269,270,285,303,317,333,343,356,358,372,385,394,405,405,418,425,429,445,452,458,460,483,502,505,519,520,539,531,536,533,541,542,546,549,539,545,540,536,538,524,521,512,491,497,488,471,464,461,456,453,451,447,421,421,413,403,381,386,393,384,421,472,775,989,1528,8891,14998,14998,14998,14998,14998,14998,14998,14998,14998,14998,14998,14998,14998,14998,14998,14998,14998,14998,5193,14354,11241,8137,2647,698,80,206,286,158,174,111,135,122,128,131,132,131,239,211,159,188,167,166,156,165,157,169,175,174,179,168,184,173,174,182,172,180,179,175,184,184,183,187,189,193,186,201,208,200,197,188,206,200,212,210,225,232,233,223,232,222,229,222,208,219,214,200,194,185,176,179,168,174,171,164,155,139,159,143,155,142,136,148,131,138,146,113,139,117,106,129,112,113,130,155,109,104,118,97,147,123,105,83,122,78,57,134,117,119,97,154,237,461,1013,1150,1471,1128,2907,7245,"OSBS_003","D314_F046","OSBS","OSBS003","D03_BC15","D03_BC14",NA,"QULA3","Quercus","laurifolia","deciduous","laurel oak",NA,NA,NA,NA,NA,NA,NA,"",1,-1.7,-0.7,-1.4,41,297,5.1,0.4,-1.3,0.8,-1.3,NA,NA,"OSBS_003","BC15; BC14",NA,10,10,0.4292,0.0429,44.26697,4.4267,0.0097,NA,20140170.08,-3.071516,-29.1192245,1.5813551,48.9560782,"","OSBS","distributed","basePlot","OSBS003",1600,"40m x 40m",41,29.694992,-81.94742,"WGS84","17N",408343.238,3285364.187,0.12,31.94,0.2,29.66,34.22,2.69,103,408338.693866727,3285366.50235155,15,22
"10","F047",119,87,160,153,72,68,92,89,96,129,118,121,139,139,123,132,144,146,136,129,125,142,134,134,143,160,197,225,251,300,324,346,365,380,384,406,374,357,335,325,315,300,292,286,293,291,276,280,262,262,262,258,258,245,236,249,230,231,236,238,250,289,358,488,660,843,1046,1219,1462,1684,1916,2089,2249,2390,2442,2527,2580,2640,2638,2691,2718,2711,2720,2730,2753,2753,2708,2722,2759,2836,2849,2893,2921,2994,3026,3001,3066,3094,3053,3054,3091,3069,3026,2999,3031,3011,2953,2965,2957,2841,2815,2859,2741,2764,2752,2724,2840,2904,2929,3004,3116,3158,3199,3233,3222,3294,3304,3339,3373,3398,3424,3451,3474,3504,3507,3539,3535,3538,3539,3501,3464,3472,3418,3309,3287,3229,3037,2949,2939,3019,2975,2850,2431,2613,2553,2639,2716,2727,2781,2826,2740,2768,2826,2790,2847,2880,2909,2997,3041,3118,3182,3232,3232,3250,3225,3296,3312,3368,3365,3350,3343,3296,3279,3071,3128,3153,2994,2904,2867,2523,2559,2653,2616,2961,14998,14998,14998,14998,14998,14998,14998,14998,14998,14998,14998,13863,3048,1938,1003,878,853,828,651,615,615,603,665,590,735,694,696,782,812,856,879,954,1005,1048,1082,1117,1175,1205,1238,1255,1304,1317,1337,1355,1359,1397,1434,1434,1478,1518,1553,1578,1589,1584,1649,1673,1661,1647,1675,1686,1689,1689,1664,1690,1661,1652,1656,1625,1614,1596,1567,1552,1545,1504,1464,1458,1424,1415,1413,1399,1354,1356,1307,1295,1221,1218,1168,1305,1150,1356,1455,1764,2483,13954,14998,14998,14998,14998,14998,14998,14998,14998,14998,14998,14998,14998,14998,14998,14998,14998,14998,14998,14998,14998,13232,6243,2760,794,407,301,197,322,276,284,298,305,312,316,330,334,430,412,402,455,444,441,456,471,474,503,460,510,516,514,536,528,537,540,540,538,552,558,560,572,600,595,594,600,609,615,636,643,636,660,654,668,669,691,686,705,696,730,703,725,707,704,694,671,649,624,607,590,575,556,548,545,511,520,482,493,467,470,453,428,433,434,421,394,407,384,387,373,379,365,375,342,313,341,323,307,285,299,255,283,285,276,247,271,282,329,239,249,251,217,438,731,1871,2839,570,1609,3179,11328,"OSBS_003","D314_F047","OSBS","OSBS003","D03_BC15","D03_BC14",NA,"QUGE2","Quercus","geminata","deciduous","sand live oak",NA,NA,NA,NA,NA,NA,NA,"",0.6,-1.7,-0.4,-1.7,41,359.3,5,0.7,-1.4,0.5,-1.4,NA,NA,"OSBS_003","BC15; BC14",1.27,16,16,0.3119,0.0195,20.26829916,1.2668,0.0154,NA,20140170.08,-1.601222,-29.4410194,1.5155637,49.8434564,"","OSBS","distributed","basePlot","OSBS003",1600,"40m x 40m",41,29.694992,-81.94742,"WGS84","17N",408343.238,3285364.187,0.12,31.94,0.2,29.66,34.22,2.69,103,408343.176914996,3285369.18662685,20,25
"11","F057",62,83,66,60,0,6,17,34,43,40,49,36,48,42,48,41,51,36,34,34,40,34,36,33,43,39,45,58,57,67,70,78,72,77,76,83,81,71,68,71,69,61,69,55,64,64,64,70,58,57,58,59,61,57,58,63,58,61,65,67,74,77,92,117,142,189,218,292,352,434,506,578,638,691,725,754,881,841,811,829,858,856,871,874,882,894,885,924,912,926,952,962,976,990,1025,1024,1035,1049,1041,1043,1041,1041,1026,1033,1061,1048,1030,1042,1013,972,1127,1133,1035,1071,1024,995,1002,1022,1004,1022,1058,1057,1096,1101,1101,1124,1163,1172,1188,1202,1218,1233,1238,1244,1255,1274,1282,1290,1280,1288,1268,1251,1232,1192,1199,1158,1105,1236,1329,1317,1254,1054,937,1007,933,890,885,883,897,889,875,899,891,895,906,917,941,963,990,1014,1043,1063,1071,1086,1094,1100,1116,1158,1144,1116,1115,1107,1089,1007,1016,1014,941,895,865,729,763,757,743,1194,12951,14998,14998,14998,14998,14998,14998,14998,14998,14998,14998,6030,2824,970,364,323,306,335,283,195,160,126,127,165,164,154,149,146,132,144,148,164,176,181,192,200,215,219,232,241,248,249,258,265,269,279,288,287,297,308,323,327,341,343,345,358,358,362,370,366,368,371,363,365,361,360,362,349,352,336,335,327,327,310,302,298,288,292,277,287,267,269,265,252,231,247,246,266,298,290,456,860,2350,3794,13731,14998,14998,14998,14998,14998,14998,0,14998,0,14998,14998,14998,14998,14998,14998,14998,14998,8736,1779,8688,2330,1495,0,198,34,223,123,80,60,56,59,47,55,46,35,120,62,87,79,65,58,67,69,67,71,89,76,75,83,76,73,82,85,87,74,84,80,93,89,93,89,97,97,96,96,87,87,105,96,94,98,113,108,118,117,117,113,105,109,104,114,101,106,97,81,102,86,91,86,74,81,77,77,78,69,64,63,65,84,57,52,66,59,79,60,64,72,71,76,62,26,63,84,62,72,48,70,75,77,50,69,61,53,31,104,95,70,72,106,96,413,1203,1340,717,782,1726,6112,"OSBS_010","D314_F057","OSBS","OSBS010","D03_BC15","D03_BC14",NA,"QULA3","Quercus","laurifolia","deciduous","laurel oak",NA,NA,NA,NA,NA,NA,NA,"",6,-1.9,3.4,-1.7,41,311.1,4.6,5.5,-1.6,5.6,-1.6,NA,NA,"OSBS_010","BC15; BC14",1.27,16,16,0.264,0.0165,20.26829916,1.2668,0.013,NA,20140170.08,-2.4693956,-29.3696181,1.532048,50.0846618,"","OSBS","distributed","basePlot","OSBS010",1600,"40m x 40m",41,29.691763,-81.941829,"WGS84","17N",408881.308,3285001.999,0.16,40.06,0.16,38.79,41.7,-1.43,6,408877.841608395,3285005.02292613,17,23
"12","F061",91,86,159,124,67,71,73,103,100,138,147,129,142,140,136,141,143,147,139,145,145,137,135,146,160,167,214,245,278,329,371,402,426,438,461,465,446,415,383,373,351,339,336,328,335,317,310,305,294,288,295,302,275,275,265,261,259,252,253,251,255,325,404,565,801,1089,1382,1661,2129,2582,3119,3519,3876,4145,4316,4165,4621,4793,4734,4807,4810,4792,4816,4837,4864,4851,4680,4761,4866,4851,4947,5095,5148,5211,5300,5256,5327,5397,5305,5317,5322,5305,5074,5004,5178,5091,4941,5066,5016,4526,4296,4662,4353,4517,4420,4460,4684,4873,4785,4931,5107,5197,5240,5259,5291,5338,5467,5447,5547,5578,5596,5626,5703,5742,5727,5732,5788,5793,5724,5696,5614,5600,5484,5230,5172,5025,4575,4210,4205,4541,4421,4358,3492,3912,3939,4102,4115,4159,4149,4182,4129,4184,4250,4157,4207,4267,4368,4470,4537,4678,4733,4819,4828,4857,4866,4831,4855,4969,4972,4895,4908,4823,4758,4447,4520,4547,4301,4068,4011,3487,3603,3648,3350,3456,14998,14998,14998,14998,14998,14998,14998,14998,14998,14998,14998,10404,3079,2160,773,834,852,896,732,728,753,718,701,732,851,805,832,931,950,992,1032,1118,1183,1247,1283,1340,1405,1444,1482,1533,1560,1610,1625,1668,1678,1736,1769,1778,1847,1895,1950,1954,2004,2009,2062,2102,2086,2070,2118,2129,2131,2125,2085,2108,2087,2097,2088,2068,2055,2011,1999,1952,1941,1874,1826,1807,1776,1775,1733,1739,1663,1679,1578,1579,1441,1505,1455,1516,1418,1554,1537,1588,4821,3396,13954,14998,14998,14998,14998,14998,14998,14998,14998,14998,14998,14998,0,14998,0,0,14998,14998,14998,14998,7041,3682,1273,1314,736,188,156,322,306,290,303,278,312,334,326,277,492,449,488,449,477,467,476,478,501,491,514,521,533,559,579,573,582,573,597,606,614,613,621,649,649,648,665,651,675,682,702,713,707,711,746,750,754,768,780,785,811,816,813,799,803,796,772,753,727,709,684,655,639,611,593,582,580,577,542,533,542,509,492,488,487,470,463,423,422,392,427,413,398,409,366,349,324,359,364,319,285,292,251,283,273,285,295,225,235,307,244,215,280,379,322,500,1586,1948,1287,1383,3708,8200,"OSBS_048","D314_F061","OSBS","OSBS048","D03_BC15","D03_BC14",NA,"PIPA2","Pinus","palustris","coniferous","longleaf pine",NA,NA,NA,NA,NA,NA,NA,"",8,-1.6,6.2,-1.7,41,211.3,10.8,6.6,-1.4,6.2,-1.7,NA,NA,"OSBS_048","BC15; BC14",NA,15,15,0.7601,0.0507,37.19256,2.4795,0.0204,NA,20140170.08,-2.8724762,-30.9394686,0.9669018,48.3974872,"","OSBS","distributed","basePlot","OSBS048",1600,"40m x 40m",41,29.679299,-81.946352,"WGS84","17N",408432.349,3283624.435,0.3,34.62,0,34.08,40.09,0,0,408426.738193592,3283615.20684463,14,11
"13","F067",15000,15000,15000,15000,15000,15000,15000,15000,15000,15000,15000,15000,15000,15000,15000,15000,15000,15000,15000,15000,15000,15000,15000,15000,15000,15000,15000,15000,15000,15000,15000,15000,15000,15000,15000,15000,15000,15000,15000,15000,15000,15000,15000,15000,15000,15000,15000,15000,15000,15000,15000,15000,15000,15000,15000,15000,15000,15000,15000,15000,15000,15000,15000,15000,15000,15000,15000,15000,15000,15000,15000,15000,15000,15000,15000,15000,15000,15000,15000,15000,15000,15000,15000,15000,15000,15000,15000,15000,15000,15000,15000,15000,15000,15000,15000,15000,15000,15000,15000,15000,15000,15000,15000,15000,15000,15000,15000,15000,15000,15000,15000,15000,15000,15000,15000,15000,15000,15000,15000,15000,15000,15000,15000,15000,15000,15000,15000,15000,15000,15000,15000,15000,15000,15000,15000,15000,15000,15000,15000,15000,15000,15000,15000,15000,15000,15000,15000,15000,15000,15000,15000,15000,15000,15000,15000,15000,15000,15000,15000,15000,15000,15000,15000,15000,15000,15000,15000,15000,15000,15000,15000,15000,15000,15000,15000,15000,15000,15000,15000,15000,15000,15000,15000,15000,15000,15000,15000,15000,15000,15000,15000,15000,15000,15000,15000,15000,15000,15000,15000,15000,15000,15000,15000,15000,15000,15000,15000,15000,15000,15000,15000,15000,15000,15000,15000,15000,15000,15000,15000,15000,15000,15000,15000,15000,15000,15000,15000,15000,15000,15000,15000,15000,15000,15000,15000,15000,15000,15000,15000,15000,15000,15000,15000,15000,15000,15000,15000,15000,15000,15000,15000,15000,15000,15000,15000,15000,15000,15000,15000,15000,15000,15000,15000,15000,15000,15000,15000,15000,15000,15000,15000,15000,15000,15000,15000,15000,15000,15000,15000,15000,15000,15000,15000,15000,15000,15000,15000,15000,15000,15000,15000,15000,15000,15000,15000,15000,15000,15000,15000,15000,15000,15000,15000,15000,15000,15000,15000,15000,15000,15000,15000,15000,15000,15000,15000,15000,15000,15000,15000,15000,15000,15000,15000,15000,15000,15000,15000,15000,15000,15000,15000,15000,15000,15000,15000,15000,15000,15000,15000,15000,15000,15000,15000,15000,15000,15000,15000,15000,15000,15000,15000,15000,15000,15000,15000,15000,15000,15000,15000,15000,15000,15000,15000,15000,15000,15000,15000,15000,15000,15000,15000,15000,15000,15000,15000,15000,15000,15000,15000,15000,15000,15000,15000,15000,15000,15000,15000,15000,15000,15000,15000,15000,15000,15000,15000,15000,15000,15000,15000,15000,15000,15000,15000,15000,15000,15000,15000,15000,15000,15000,15000,15000,15000,15000,15000,15000,15000,15000,15000,15000,15000,15000,15000,15000,15000,15000,"OSBS_011","D314_F067","OSBS","OSBS011","D03_BC15","D03_BC14",NA,"SERE2","Serenoa","repens","deciduous","saw palmetto",NA,NA,NA,NA,NA,NA,NA,"",2,0,0.8,0,41,138.4,2.1,NA,NA,NA,NA,1.9,1.2,"OSBS_011","BC15; BC14",1.905,18,18,0.7994,0.0444,51.30413226,2.8502,0.0156,NA,20140170.08,-0.8640746,-30.8015565,1.2482186,49.0629419,"","OSBS","distributed","basePlot","OSBS011",1600,"40m x 40m",41,29.721507,-81.987042,"WGS84","17N",404534.97,3288334.429,0.24,27.17,0.34,26.58,31.79,-1.15,118,404536.364245047,3288332.85862401,21,18
"14","F073",15000,15000,15000,15000,15000,15000,15000,15000,15000,15000,15000,15000,15000,15000,15000,15000,15000,15000,15000,15000,15000,15000,15000,15000,15000,15000,15000,15000,15000,15000,15000,15000,15000,15000,15000,15000,15000,15000,15000,15000,15000,15000,15000,15000,15000,15000,15000,15000,15000,15000,15000,15000,15000,15000,15000,15000,15000,15000,15000,15000,15000,15000,15000,15000,15000,15000,15000,15000,15000,15000,15000,15000,15000,15000,15000,15000,15000,15000,15000,15000,15000,15000,15000,15000,15000,15000,15000,15000,15000,15000,15000,15000,15000,15000,15000,15000,15000,15000,15000,15000,15000,15000,15000,15000,15000,15000,15000,15000,15000,15000,15000,15000,15000,15000,15000,15000,15000,15000,15000,15000,15000,15000,15000,15000,15000,15000,15000,15000,15000,15000,15000,15000,15000,15000,15000,15000,15000,15000,15000,15000,15000,15000,15000,15000,15000,15000,15000,15000,15000,15000,15000,15000,15000,15000,15000,15000,15000,15000,15000,15000,15000,15000,15000,15000,15000,15000,15000,15000,15000,15000,15000,15000,15000,15000,15000,15000,15000,15000,15000,15000,15000,15000,15000,15000,15000,15000,15000,15000,15000,15000,15000,15000,15000,15000,15000,15000,15000,15000,15000,15000,15000,15000,15000,15000,15000,15000,15000,15000,15000,15000,15000,15000,15000,15000,15000,15000,15000,15000,15000,15000,15000,15000,15000,15000,15000,15000,15000,15000,15000,15000,15000,15000,15000,15000,15000,15000,15000,15000,15000,15000,15000,15000,15000,15000,15000,15000,15000,15000,15000,15000,15000,15000,15000,15000,15000,15000,15000,15000,15000,15000,15000,15000,15000,15000,15000,15000,15000,15000,15000,15000,15000,15000,15000,15000,15000,15000,15000,15000,15000,15000,15000,15000,15000,15000,15000,15000,15000,15000,15000,15000,15000,15000,15000,15000,15000,15000,15000,15000,15000,15000,15000,15000,15000,15000,15000,15000,15000,15000,15000,15000,15000,15000,15000,15000,15000,15000,15000,15000,15000,15000,15000,15000,15000,15000,15000,15000,15000,15000,15000,15000,15000,15000,15000,15000,15000,15000,15000,15000,15000,15000,15000,15000,15000,15000,15000,15000,15000,15000,15000,15000,15000,15000,15000,15000,15000,15000,15000,15000,15000,15000,15000,15000,15000,15000,15000,15000,15000,15000,15000,15000,15000,15000,15000,15000,15000,15000,15000,15000,15000,15000,15000,15000,15000,15000,15000,15000,15000,15000,15000,15000,15000,15000,15000,15000,15000,15000,15000,15000,15000,15000,15000,15000,15000,15000,15000,15000,15000,15000,15000,15000,15000,15000,15000,15000,15000,15000,15000,15000,15000,15000,15000,15000,15000,15000,15000,15000,"OSBS_011","D314_F073","OSBS","OSBS011","D03_BC15","D03_BC14",NA,"ILGL","Ilex","glabra","deciduous","inkberry",NA,NA,NA,NA,NA,NA,NA,">1 individual",NA,NA,NA,NA,41,33,7.9,NA,NA,NA,NA,1.2,0.4,"OSBS_011","BC15; BC14",1.27,16,16,0.2065,0.0129,20.26829916,1.2668,0.0102,NA,20140170.09,-2.1253268,-29.1818229,1.0378258,52.0760569,"REPLICATED; values here for first run only","OSBS","distributed","basePlot","OSBS011",1600,"40m x 40m",41,29.721507,-81.987042,"WGS84","17N",404534.97,3288334.429,0.24,27.17,0.34,26.58,31.79,-1.15,118,404539.272648377,3288341.05449749,24,27
"15","F076",15000,15000,15000,15000,15000,15000,15000,15000,15000,15000,15000,15000,15000,15000,15000,15000,15000,15000,15000,15000,15000,15000,15000,15000,15000,15000,15000,15000,15000,15000,15000,15000,15000,15000,15000,15000,15000,15000,15000,15000,15000,15000,15000,15000,15000,15000,15000,15000,15000,15000,15000,15000,15000,15000,15000,15000,15000,15000,15000,15000,15000,15000,15000,15000,15000,15000,15000,15000,15000,15000,15000,15000,15000,15000,15000,15000,15000,15000,15000,15000,15000,15000,15000,15000,15000,15000,15000,15000,15000,15000,15000,15000,15000,15000,15000,15000,15000,15000,15000,15000,15000,15000,15000,15000,15000,15000,15000,15000,15000,15000,15000,15000,15000,15000,15000,15000,15000,15000,15000,15000,15000,15000,15000,15000,15000,15000,15000,15000,15000,15000,15000,15000,15000,15000,15000,15000,15000,15000,15000,15000,15000,15000,15000,15000,15000,15000,15000,15000,15000,15000,15000,15000,15000,15000,15000,15000,15000,15000,15000,15000,15000,15000,15000,15000,15000,15000,15000,15000,15000,15000,15000,15000,15000,15000,15000,15000,15000,15000,15000,15000,15000,15000,15000,15000,15000,15000,15000,15000,15000,15000,15000,15000,15000,15000,15000,15000,15000,15000,15000,15000,15000,15000,15000,15000,15000,15000,15000,15000,15000,15000,15000,15000,15000,15000,15000,15000,15000,15000,15000,15000,15000,15000,15000,15000,15000,15000,15000,15000,15000,15000,15000,15000,15000,15000,15000,15000,15000,15000,15000,15000,15000,15000,15000,15000,15000,15000,15000,15000,15000,15000,15000,15000,15000,15000,15000,15000,15000,15000,15000,15000,15000,15000,15000,15000,15000,15000,15000,15000,15000,15000,15000,15000,15000,15000,15000,15000,15000,15000,15000,15000,15000,15000,15000,15000,15000,15000,15000,15000,15000,15000,15000,15000,15000,15000,15000,15000,15000,15000,15000,15000,15000,15000,15000,15000,15000,15000,15000,15000,15000,15000,15000,15000,15000,15000,15000,15000,15000,15000,15000,15000,15000,15000,15000,15000,15000,15000,15000,15000,15000,15000,15000,15000,15000,15000,15000,15000,15000,15000,15000,15000,15000,15000,15000,15000,15000,15000,15000,15000,15000,15000,15000,15000,15000,15000,15000,15000,15000,15000,15000,15000,15000,15000,15000,15000,15000,15000,15000,15000,15000,15000,15000,15000,15000,15000,15000,15000,15000,15000,15000,15000,15000,15000,15000,15000,15000,15000,15000,15000,15000,15000,15000,15000,15000,15000,15000,15000,15000,15000,15000,15000,15000,15000,15000,15000,15000,15000,15000,15000,15000,15000,15000,15000,15000,15000,15000,15000,15000,15000,15000,15000,15000,15000,15000,15000,15000,15000,"OSBS_011","D314_F076","OSBS","OSBS011","D03_BC15","D03_BC14",NA,"LYLU3","Lyonia","lucida","deciduous","fetterbush lyonia",NA,NA,NA,NA,NA,NA,NA,">1 individual",NA,NA,NA,NA,41,63.5,4.6,NA,NA,NA,NA,0.8,0.3,"OSBS_011","BC15; BC14",1.905,16,16,0.3936,0.0246,45.60367312,2.8502,0.0086,NA,20140170.09,-2.7094436,-29.9075731,1.0366276,51.6035357,"","OSBS","distributed","basePlot","OSBS011",1600,"40m x 40m",41,29.721507,-81.987042,"WGS84","17N",404534.97,3288334.429,0.24,27.17,0.34,26.58,31.79,-1.15,118,404539.086698063,3288336.48150994,24,22
"16","F079",177,206,292,266,198,209,227,257,282,323,323,338,365,382,356,376,404,388,394,413,415,423,423,430,439,461,505,535,544,587,620,650,685,678,709,744,726,728,724,745,754,749,762,759,774,785,806,836,811,825,860,863,894,895,895,954,922,938,958,968,1017,1081,1163,1245,1342,1493,1599,1713,1900,2082,2258,2349,2446,2531,2604,2500,2825,2854,2816,2860,2917,2930,2973,3002,3031,3059,3019,3138,3180,3185,3248,3295,3333,3385,3486,3488,3502,3595,3537,3567,3598,3609,3519,3585,3705,3750,3686,3749,3669,3355,3706,3969,3697,3834,3754,3721,3816,3927,3841,3941,4023,4059,4089,4128,4096,4198,4234,4289,4282,4357,4354,4395,4436,4466,4494,4505,4545,4549,4551,4529,4507,4536,4473,4378,4353,4275,4017,4159,4537,4733,4604,4508,3797,4300,4269,4264,4202,4269,4275,4311,4288,4400,4419,4371,4452,4486,4551,4642,4672,4794,4822,4867,4883,4920,4958,4931,4963,5110,5088,5076,5085,5048,5035,4802,4921,5007,4923,4883,4915,4480,4832,4864,4497,5139,14998,14998,14998,14998,14998,14998,14998,14998,14998,14998,14998,14998,6691,3997,3145,3271,3254,3148,3035,2943,3092,2893,2984,2991,3303,3193,3038,3287,3227,3228,3234,3370,3437,3537,3535,3612,3647,3651,3747,3697,3748,3743,3782,3791,3753,3798,3812,3820,3904,3934,3993,4012,4039,4002,4116,4112,4096,4022,4046,4058,4065,4070,3957,3993,3941,3934,3974,3942,3889,3858,3855,3809,3831,3659,3689,3593,3618,3693,3630,3688,3610,3629,3523,3550,3309,3447,3422,3468,3562,3548,4188,4769,8463,14998,14998,14998,14998,14998,14998,14998,14998,14998,14998,14998,14998,14998,14998,14998,14998,14998,14998,14998,14998,14998,13960,7287,3963,3412,2331,2225,1953,2328,2555,2387,2502,2551,2569,2592,2419,2150,2678,2680,2570,2672,2590,2530,2568,2491,2458,2378,2431,2411,2422,2379,2393,2362,2342,2320,2331,2365,2299,2284,2308,2295,2308,2341,2265,2297,2308,2322,2389,2343,2375,2378,2407,2374,2427,2458,2454,2486,2511,2495,2515,2494,2492,2452,2408,2325,2264,2176,2177,2094,2062,2054,1993,1965,1980,1928,1915,1889,1887,1862,1828,1851,1822,1826,1801,1805,1754,1716,1798,1783,1727,1798,1702,1644,1660,1672,1695,1628,1611,1602,1502,1614,1608,1548,1588,1479,1362,1426,1457,1352,1333,1328,1334,1425,1964,3193,2261,2373,4423,10398,"OSBS_007","D314_F079","OSBS","OSBS007","D03_BC15","D03_BC14",NA,"PIPA2","Pinus","palustris","coniferous","longleaf pine",NA,NA,NA,NA,NA,NA,NA,"",14.8,-0.9,8.5,-1.1,41,214.7,12.1,8.2,-1.6,8.4,-1.6,NA,NA,"OSBS_007","BC15; BC14",NA,16,16,1.305,0.0816,53.07836,3.3174,0.0246,NA,20140170.09,-1.8242666,-29.2493118,0.7412465,49.9755341,"","OSBS","distributed","basePlot","OSBS007",1600,"40m x 40m",41,29.690276,-81.962572,"WGS84","17N",406873.007,3284853.757,0.1,34.31,0.12,31.36,35.83,-3.21,90,406866.118717766,3284843.8090571,13,10
"17","F084",112,114,180,141,70,81,87,96,117,151,152,151,183,171,172,180,195,189,190,207,198,203,201,211,223,252,293,346,390,456,507,540,571,592,605,641,607,588,573,555,551,535,532,514,517,507,494,487,460,464,470,459,456,445,410,401,374,367,369,367,373,443,578,754,961,1166,1363,1520,1744,1930,2078,2175,2269,2347,2374,2340,2514,2537,2512,2533,2549,2568,2563,2575,2602,2591,2573,2620,2666,2662,2662,2697,2713,2759,2802,2776,2821,2840,2781,2810,2815,2814,2759,2757,2823,2860,2813,2805,2756,2635,2823,2921,2709,2774,2719,2653,2707,2711,2675,2729,2788,2813,2867,2867,2857,2899,2960,2965,3007,3048,3042,3076,3096,3114,3135,3137,3167,3164,3157,3139,3125,3120,3057,3021,3020,2941,2837,2934,3168,3170,3095,2898,2524,2659,2549,2533,2477,2499,2513,2530,2522,2542,2559,2533,2541,2587,2633,2671,2707,2758,2794,2824,2844,2872,2885,2875,2895,2950,2947,2914,2924,2894,2878,2727,2784,2807,2702,2638,2604,2383,2457,2473,2398,3123,14998,14998,14998,14998,14998,14998,14998,14998,14998,14998,14998,11187,3951,2002,1239,1066,1192,1123,954,925,861,808,852,903,912,898,875,918,906,925,940,997,1034,1068,1089,1120,1146,1173,1210,1231,1247,1258,1282,1298,1290,1340,1362,1353,1398,1430,1459,1481,1492,1495,1541,1569,1558,1546,1566,1569,1574,1584,1562,1559,1547,1550,1552,1540,1516,1496,1498,1470,1462,1424,1412,1387,1370,1382,1353,1362,1323,1325,1275,1280,1204,1242,1227,1278,1321,1443,1805,2106,4141,9953,13100,14998,14998,14998,14998,14998,14998,14998,14998,14998,14998,14998,14998,14998,14998,14998,14998,14998,14998,14998,6868,4046,2148,1147,861,666,558,535,539,499,505,531,536,539,528,528,653,631,591,665,542,615,612,609,629,618,626,628,628,625,634,625,620,634,637,637,643,643,652,657,656,658,660,678,680,700,702,701,709,718,725,724,747,759,758,756,769,775,771,776,769,757,748,740,707,697,663,640,614,612,602,590,598,580,574,564,565,548,537,533,533,530,509,505,497,502,498,489,488,473,474,463,458,465,459,466,426,417,429,436,410,412,422,394,408,444,384,396,406,432,446,703,1559,1848,1487,1169,2382,6367,"OSBS_007","D314_F084","OSBS","OSBS007","D03_BC15","D03_BC14",NA,"QULA2","Quercus","laevis","deciduous","turkey oak",NA,NA,NA,NA,NA,NA,NA,"",10.6,-1.8,2,-1.9,41,297.3,9.8,8,-1.4,7.7,-1.4,NA,NA,"OSBS_007","BC15; BC14",1.27,19,19,0.3068,0.0161,24.06860526,1.2668,0.0127,NA,20140170.09,-1.7622542,-30.4083603,1.3913739,50.462121,"","OSBS","distributed","basePlot","OSBS007",1600,"40m x 40m",41,29.690276,-81.962572,"WGS84","17N",406873.007,3284853.757,0.1,34.31,0.12,31.36,35.83,-3.21,90,406864.29855112,3284858.25176563,11,24
"18","F086",100,142,206,187,86,96,111,119,132,160,168,166,189,175,166,172,188,184,179,194,184,188,189,193,195,211,240,261,269,300,317,333,352,354,360,387,370,366,370,363,355,357,359,350,356,359,365,367,363,363,380,373,381,380,384,386,378,376,380,380,392,431,486,552,659,754,856,968,1112,1240,1350,1411,1509,1555,1599,1618,1769,1750,1748,1774,1806,1810,1816,1844,1849,1863,1860,1926,1930,1953,1974,2004,2004,2037,2103,2082,2111,2159,2103,2119,2138,2149,2129,2165,2191,2245,2217,2188,2153,2072,2379,2398,2271,2282,2243,2200,2228,2222,2219,2265,2290,2288,2334,2368,2353,2404,2419,2444,2494,2502,2500,2532,2546,2565,2577,2583,2591,2606,2597,2599,2567,2580,2540,2508,2504,2448,2416,2609,2792,2786,2760,2505,2226,2367,2260,2204,2171,2199,2206,2231,2225,2252,2282,2247,2281,2287,2338,2355,2394,2435,2472,2502,2511,2539,2563,2531,2563,2632,2612,2590,2588,2582,2559,2425,2476,2508,2445,2414,2384,2207,2306,2308,2245,3030,14998,14998,14998,14998,14998,14998,14998,14998,14998,14998,14998,14282,3814,2462,1365,1233,1269,1296,1105,1047,1060,975,1032,1089,1166,1078,1066,1085,1086,1081,1090,1157,1187,1213,1233,1265,1292,1308,1347,1356,1365,1386,1387,1410,1406,1441,1465,1447,1490,1523,1565,1572,1574,1581,1617,1623,1621,1601,1635,1622,1628,1638,1611,1603,1597,1585,1582,1573,1555,1531,1523,1500,1498,1436,1431,1417,1396,1418,1402,1413,1371,1381,1336,1345,1278,1313,1299,1342,1397,1486,1922,2616,4583,11689,14876,14998,14998,14998,14998,14998,14998,14998,14998,14998,14998,14998,14998,14998,14998,14998,14998,14998,14998,14998,9833,4395,2602,1464,989,764,757,728,782,688,698,724,723,732,690,701,858,814,802,813,775,759,768,743,749,745,759,760,759,762,766,750,738,738,744,748,755,752,744,758,758,761,760,767,780,790,804,790,798,813,815,821,820,842,846,864,849,845,854,855,848,837,807,800,772,746,728,714,691,694,683,659,647,649,634,633,635,619,597,596,593,589,577,558,569,569,570,562,545,572,552,521,511,528,523,524,504,494,503,531,485,474,517,434,460,497,465,467,441,545,492,928,1615,2216,1569,1440,2490,7523,"OSBS_007","D314_F086","OSBS","OSBS007","D03_BC15","D03_BC14",NA,"QUGE2","Quercus","geminata","deciduous","sand live oak",NA,NA,NA,NA,NA,NA,NA,"",11.6,-0.5,6.2,-0.5,41,165,3.5,7.6,-1.3,8.7,-1.1,NA,NA,"OSBS_007","BC15; BC14",NA,13,13,1.0463,0.0805,63.83695,4.9105,0.0164,NA,20140170.09,-1.3041626,-30.7330895,1.3281691,49.3609639,"","OSBS","distributed","basePlot","OSBS007",1600,"40m x 40m",41,29.690276,-81.962572,"WGS84","17N",406873.007,3284853.757,0.1,34.31,0.12,31.36,35.83,-3.21,90,406873.912866658,3284850.37625961,21,17
"19","F101",15000,15000,15000,15000,15000,15000,15000,15000,15000,15000,15000,15000,15000,15000,15000,15000,15000,15000,15000,15000,15000,15000,15000,15000,15000,15000,15000,15000,15000,15000,15000,15000,15000,15000,15000,15000,15000,15000,15000,15000,15000,15000,15000,15000,15000,15000,15000,15000,15000,15000,15000,15000,15000,15000,15000,15000,15000,15000,15000,15000,15000,15000,15000,15000,15000,15000,15000,15000,15000,15000,15000,15000,15000,15000,15000,15000,15000,15000,15000,15000,15000,15000,15000,15000,15000,15000,15000,15000,15000,15000,15000,15000,15000,15000,15000,15000,15000,15000,15000,15000,15000,15000,15000,15000,15000,15000,15000,15000,15000,15000,15000,15000,15000,15000,15000,15000,15000,15000,15000,15000,15000,15000,15000,15000,15000,15000,15000,15000,15000,15000,15000,15000,15000,15000,15000,15000,15000,15000,15000,15000,15000,15000,15000,15000,15000,15000,15000,15000,15000,15000,15000,15000,15000,15000,15000,15000,15000,15000,15000,15000,15000,15000,15000,15000,15000,15000,15000,15000,15000,15000,15000,15000,15000,15000,15000,15000,15000,15000,15000,15000,15000,15000,15000,15000,15000,15000,15000,15000,15000,15000,15000,15000,15000,15000,15000,15000,15000,15000,15000,15000,15000,15000,15000,15000,15000,15000,15000,15000,15000,15000,15000,15000,15000,15000,15000,15000,15000,15000,15000,15000,15000,15000,15000,15000,15000,15000,15000,15000,15000,15000,15000,15000,15000,15000,15000,15000,15000,15000,15000,15000,15000,15000,15000,15000,15000,15000,15000,15000,15000,15000,15000,15000,15000,15000,15000,15000,15000,15000,15000,15000,15000,15000,15000,15000,15000,15000,15000,15000,15000,15000,15000,15000,15000,15000,15000,15000,15000,15000,15000,15000,15000,15000,15000,15000,15000,15000,15000,15000,15000,15000,15000,15000,15000,15000,15000,15000,15000,15000,15000,15000,15000,15000,15000,15000,15000,15000,15000,15000,15000,15000,15000,15000,15000,15000,15000,15000,15000,15000,15000,15000,15000,15000,15000,15000,15000,15000,15000,15000,15000,15000,15000,15000,15000,15000,15000,15000,15000,15000,15000,15000,15000,15000,15000,15000,15000,15000,15000,15000,15000,15000,15000,15000,15000,15000,15000,15000,15000,15000,15000,15000,15000,15000,15000,15000,15000,15000,15000,15000,15000,15000,15000,15000,15000,15000,15000,15000,15000,15000,15000,15000,15000,15000,15000,15000,15000,15000,15000,15000,15000,15000,15000,15000,15000,15000,15000,15000,15000,15000,15000,15000,15000,15000,15000,15000,15000,15000,15000,15000,15000,15000,15000,15000,15000,15000,15000,15000,15000,15000,15000,15000,15000,15000,15000,15000,15000,15000,"OSBS_015","D314_F101","OSBS","OSBS015","D03_BC15","D03_BC14",NA,"CEOC2","Cephalanthus","occidentalis","deciduous","common buttonbush",NA,NA,NA,NA,NA,NA,NA,"",1.7,0,1,0,41,306.1,7.5,1,0,1.4,0,NA,NA,"OSBS_015","BC15; BC14",1.905,18,18,0.3814,0.0212,51.30413226,2.8502,0.0074,NA,20140170.09,1.6264234,-27.4789508,2.3851691,51.7267917,"","OSBS","distributed","basePlot","OSBS015",1600,"40m x 40m",41,29.710251,-81.969273,"WGS84","17N",406243.18,3287072.571,0.1,25.64,0.1,25.25,26.86,0.57,98,406237.120075871,3287076.98997268,14,24
"20","F105",100,143,193,146,63,76,83,104,140,173,166,172,197,205,194,205,225,217,218,226,227,236,230,237,244,267,317,365,386,454,494,529,556,546,565,592,570,548,531,516,514,498,500,501,494,492,492,496,481,469,481,484,477,469,454,461,431,427,432,431,443,509,603,742,909,1112,1308,1496,1739,1981,2179,2290,2390,2487,2538,2408,2698,2721,2696,2729,2741,2737,2754,2765,2777,2766,2703,2811,2830,2837,2854,2898,2903,2947,2995,2990,3006,3058,2987,3009,3017,3006,2912,2964,3036,3009,3002,2996,2950,2751,2932,3191,2946,2970,2893,2867,2919,2929,2873,2952,3004,3006,3042,3069,3063,3118,3166,3179,3221,3253,3263,3297,3314,3336,3357,3352,3380,3400,3382,3369,3352,3326,3303,3231,3223,3176,3007,3142,3443,3520,3404,3192,2646,2912,2847,2811,2748,2767,2756,2777,2760,2807,2821,2771,2801,2837,2908,2927,2976,3024,3084,3089,3120,3149,3161,3161,3162,3261,3255,3209,3225,3197,3183,3027,3100,3141,3049,2955,2944,2656,2865,2827,2671,3414,14998,14998,14998,14998,14998,14998,14998,14998,14998,14998,14998,14998,4567,2428,1627,1553,1513,1465,1310,1261,1183,1100,1121,1230,1277,1229,1183,1242,1210,1203,1248,1301,1329,1372,1383,1429,1453,1468,1518,1528,1555,1561,1587,1599,1590,1639,1662,1664,1706,1738,1792,1806,1825,1828,1878,1892,1892,1871,1912,1916,1915,1932,1902,1900,1884,1881,1892,1874,1839,1838,1819,1802,1803,1736,1728,1695,1687,1716,1684,1712,1641,1663,1611,1610,1524,1585,1582,1602,1743,1812,2353,3075,5986,14998,14998,14998,14998,14998,14998,14998,14998,14998,14998,14998,14998,14998,14998,14998,14998,14998,14998,14998,14998,14998,13171,7047,2543,1899,1293,861,869,964,962,875,888,901,893,893,847,821,1095,982,1019,1020,981,945,951,940,948,937,969,960,961,966,955,927,940,935,950,958,940,944,938,968,982,968,962,981,979,1006,1021,1019,1028,1034,1061,1043,1071,1075,1074,1102,1109,1112,1124,1123,1103,1092,1079,1053,1029,987,952,932,900,891,878,872,866,854,837,836,825,830,796,817,800,789,772,790,770,766,781,777,741,760,737,732,747,749,730,718,645,693,698,721,719,669,669,635,627,714,676,577,605,669,714,972,1514,2778,2004,1400,3784,8982,"OSBS_004","D314_F105","OSBS","OSBS004","D03_BC15","D03_BC14",NA,"PIPA2","Pinus","palustris","coniferous","longleaf pine",NA,NA,NA,NA,NA,NA,NA,"",15.3,-0.9,6.3,-0.9,41,280.5,3.3,7.8,-1.4,8.2,-1.5,NA,NA,"OSBS_004","BC15; BC14",NA,17,17,1.3924,0.0819,51.67064,3.0394,0.0269,NA,20140170.1,-2.4623942,-28.7123349,0.8865781,50.1079355,"","OSBS","distributed","basePlot","OSBS004",1600,"40m x 40m",41,29.684073,-81.959108,"WGS84","17N",407202.405,3284163.583,0.23,36.84,0.6,36.84,39.04,-2.86,26,407199.160258805,3284164.18437723,17,21
"21","F109",121,157,238,209,140,150,173,195,227,264,263,284,316,301,298,304,329,321,328,332,341,341,345,344,349,354,383,397,386,410,426,437,459,455,479,509,506,514,535,564,577,576,598,604,621,641,658,694,694,697,718,738,757,779,787,788,806,808,820,823,853,892,893,923,936,959,971,981,1021,1050,1076,1089,1100,1117,1123,1106,1257,1224,1214,1244,1252,1274,1269,1291,1299,1288,1301,1368,1370,1372,1371,1396,1410,1439,1460,1463,1482,1519,1478,1493,1496,1502,1487,1543,1573,1587,1566,1571,1569,1497,1745,1767,1706,1723,1699,1672,1691,1691,1676,1715,1735,1744,1754,1769,1736,1773,1791,1787,1811,1830,1829,1847,1862,1856,1878,1886,1890,1909,1908,1886,1893,1892,1895,1866,1878,1857,1844,2056,2280,2288,2227,2076,1888,2042,1991,1977,1942,1934,1954,1963,1969,1997,2011,2001,2020,2041,2073,2104,2132,2128,2158,2179,2193,2205,2215,2215,2245,2294,2295,2263,2293,2292,2297,2216,2289,2342,2327,2334,2388,2267,2447,2548,2514,3199,14998,14998,14998,14998,14998,14998,14998,14998,14998,14998,14998,14998,6033,3457,2442,2485,2508,2430,2231,2161,2117,2044,2146,2122,2338,2140,2103,2134,2086,2075,2048,2143,2172,2188,2185,2210,2237,2250,2268,2269,2271,2265,2274,2282,2237,2288,2291,2275,2319,2344,2401,2408,2395,2384,2433,2463,2452,2434,2444,2469,2465,2492,2445,2470,2455,2437,2443,2448,2448,2438,2455,2439,2450,2412,2410,2396,2378,2442,2421,2457,2429,2429,2407,2437,2334,2443,2400,2586,2611,2809,3410,3931,7594,12816,14998,14998,14998,14998,14998,14998,14998,14998,14998,14998,14998,14998,14998,14998,14998,14998,14998,14998,14998,14998,14998,7301,3898,3762,2346,2242,1935,2239,2382,2275,2302,2323,2368,2353,2265,2111,2404,2470,2366,2376,2374,2308,2326,2287,2324,2283,2256,2275,2272,2234,2260,2237,2218,2194,2222,2193,2195,2189,2197,2204,2207,2207,2193,2189,2194,2214,2257,2218,2247,2256,2259,2288,2280,2301,2336,2314,2296,2356,2327,2328,2316,2334,2283,2256,2210,2191,2159,2081,2065,2051,2048,2007,2035,2009,2001,1998,1983,1982,1958,1975,1978,1953,1964,1904,1928,1893,1954,1941,1949,1922,1890,1842,1836,1882,1892,1885,1815,1865,1773,1831,1870,1865,1809,1824,1700,1692,1781,1734,1688,1655,1710,1860,2462,3216,2389,3146,4661,8664,"OSBS_004","D314_F109","OSBS","OSBS004","D03_BC15","D03_BC14",NA,"QUGE2","Quercus","geminata","deciduous","sand live oak",NA,NA,NA,NA,NA,NA,NA,"tree badly burnt collected leaves off resprouts on main stem",7,-1,4.6,-1.4,41,219.1,12.9,4.6,-1.6,4.2,-1.6,NA,NA,"OSBS_004","BC15; BC14",NA,16,16,1.1028,0.0689,49.01822,3.0636,0.0225,NA,20140170.1,-2.6674352,-31.5468687,1.2167188,49.5617792,"","OSBS","distributed","basePlot","OSBS004",1600,"40m x 40m",41,29.684073,-81.959108,"WGS84","17N",407202.405,3284163.583,0.23,36.84,0.6,36.84,39.04,-2.86,26,407194.269282084,3284153.57200135,12,10
"22","F111",95,126,142,146,81,87,101,122,132,157,150,151,172,163,154,160,184,171,161,177,176,175,174,179,177,179,204,209,206,221,223,234,239,240,246,268,259,265,274,280,283,278,287,298,301,315,316,325,322,334,338,348,366,372,369,383,382,385,392,395,412,419,449,465,483,503,535,543,577,625,645,646,673,684,710,676,824,785,787,776,793,815,827,828,831,842,848,891,905,923,915,927,933,959,1002,990,1012,1047,1019,1015,1042,1040,1031,1041,1090,1085,1088,1093,1074,1027,1228,1273,1185,1207,1206,1198,1204,1213,1175,1222,1242,1280,1282,1310,1286,1322,1322,1351,1359,1376,1377,1415,1397,1429,1415,1448,1463,1464,1482,1481,1461,1481,1461,1428,1442,1393,1373,1513,1735,1712,1716,1560,1358,1515,1521,1525,1508,1499,1509,1540,1541,1569,1582,1587,1649,1637,1693,1707,1707,1741,1716,1774,1769,1812,1847,1830,1820,1893,1859,1883,1902,1877,1856,1779,1825,1853,1818,1836,1847,1667,1821,1866,1751,2171,13934,14998,14998,14998,14998,14998,14998,14998,14998,14998,14998,12395,3965,2270,1657,1638,1614,1620,1503,1530,1507,1410,1505,1481,1655,1551,1503,1603,1575,1591,1600,1690,1688,1725,1768,1736,1798,1773,1814,1817,1827,1834,1838,1833,1788,1816,1870,1891,1867,1925,1962,1939,1963,1957,2002,2043,1990,1984,1988,2006,1993,2022,1988,1976,1992,1996,2001,1990,1982,1996,1968,1952,1957,1933,1920,1849,1872,1934,1883,1928,1888,1942,1858,1885,1747,1823,1801,1850,1902,1976,2245,2562,3803,9909,13373,14998,14998,14998,14998,14998,14998,14998,14998,14998,14998,14998,14998,14998,14998,14998,14998,14998,14998,14998,11509,4234,2195,2250,1514,1535,1268,1512,1711,1545,1643,1658,1674,1697,1581,1433,1784,1785,1694,1781,1718,1750,1735,1699,1740,1690,1720,1724,1701,1673,1693,1715,1713,1671,1721,1675,1634,1666,1631,1626,1657,1656,1672,1638,1687,1695,1678,1711,1713,1692,1741,1683,1698,1733,1672,1775,1728,1753,1753,1767,1782,1754,1691,1670,1620,1648,1583,1557,1533,1543,1529,1476,1485,1469,1454,1472,1437,1450,1408,1425,1445,1462,1410,1391,1382,1360,1399,1413,1360,1372,1338,1281,1318,1355,1344,1330,1236,1262,1183,1287,1302,1264,1281,1214,1126,1228,1269,1153,1161,1044,1110,1101,1838,2484,2028,2004,3330,6881,"OSBS_016","D314_F111","OSBS","OSBS016","D03_BC15","D03_BC14",NA,"PITA","Pinus","taeda","coniferous","loblolly pine",NA,NA,NA,NA,NA,NA,NA,"",16.2,-1.6,9.3,-1.2,41,245.8,10.1,9.1,-1.5,8.9,-1.1,NA,NA,"OSBS_016","BC15; BC14",NA,20,20,0.3806,0.019,19.71714,0.9859,0.0193,NA,20140170.1,-1.0431104,-27.5630674,1.2443538,49.2478544,"","OSBS","distributed","basePlot","OSBS016",1600,"40m x 40m",41,29.682391,-81.967449,"WGS84","17N",406393.811,3283983.863,0.19,26.13,0.24,24.33,32.86,1.49,96,406384.598586827,3283979.72277736,11,16
"23","F112",107,113,134,109,52,49,62,74,87,108,107,107,128,130,118,123,142,143,133,133,133,135,137,139,151,165,202,246,275,329,357,384,397,405,418,437,409,392,367,354,343,336,327,325,325,310,305,301,284,285,283,284,278,264,258,250,229,227,231,231,239,286,377,512,672,858,1030,1216,1467,1693,1951,2100,2242,2356,2394,2306,2617,2618,2600,2606,2628,2661,2660,2661,2691,2688,2598,2697,2718,2734,2748,2784,2788,2862,2901,2867,2907,2973,2910,2899,2905,2898,2833,2830,2902,2905,2845,2874,2800,2602,2745,2952,2714,2772,2663,2657,2704,2721,2672,2749,2815,2821,2875,2911,2903,2961,2979,3025,3066,3119,3123,3157,3186,3198,3219,3225,3279,3282,3274,3232,3219,3201,3156,3072,3062,2995,2792,2871,3085,3110,3020,2841,2360,2527,2466,2440,2400,2427,2432,2414,2402,2441,2449,2418,2443,2466,2527,2583,2617,2688,2713,2749,2781,2803,2818,2800,2828,2908,2878,2849,2864,2807,2795,2634,2674,2683,2558,2471,2419,2147,2250,2205,2044,2562,13514,14998,14998,14998,14998,14998,14998,14998,14998,14998,14998,8454,2773,1594,926,823,863,776,651,684,619,591,618,659,671,652,650,680,689,701,723,774,805,831,854,886,919,939,975,990,1006,1025,1047,1047,1050,1097,1112,1113,1148,1169,1216,1229,1243,1243,1291,1299,1292,1298,1316,1316,1334,1342,1309,1321,1310,1300,1298,1285,1258,1239,1229,1199,1191,1155,1147,1128,1110,1123,1082,1103,1058,1061,1026,1010,949,987,951,1003,1052,1092,1319,1777,3469,8013,10129,14998,14998,14998,14998,14998,14998,14998,14998,14998,14998,14998,14998,14998,14998,14998,14998,14998,14998,9993,6642,2579,1720,739,463,361,393,335,330,306,315,325,334,337,333,314,444,407,408,418,410,410,416,418,429,434,442,441,449,455,454,454,453,459,466,468,474,474,472,486,490,498,503,507,505,526,527,520,529,540,549,547,563,570,575,590,593,584,586,585,589,575,574,555,542,517,497,478,469,464,461,430,437,430,415,408,404,387,397,380,371,366,365,353,345,358,345,346,339,338,331,318,325,318,306,308,283,301,291,268,287,259,276,264,273,272,281,253,294,327,333,488,893,1986,1261,1215,1985,5922,"OSBS_016","D314_F112","OSBS","OSBS016","D03_BC15","D03_BC14",NA,"PIEL","Pinus","elliottii","coniferous","slash pine",NA,NA,NA,NA,NA,NA,NA,"",17.2,-1.2,9.6,-1.2,41,304.7,7.1,8.6,-1.4,9.4,-1.6,NA,NA,"OSBS_016","BC15; BC14",NA,17,17,0.9738,0.0573,36.52906,2.1488,0.0267,NA,20140170.1,-2.326367,-28.6917948,1.295066,50.6702555,"","OSBS","distributed","basePlot","OSBS016",1600,"40m x 40m",41,29.682391,-81.967449,"WGS84","17N",406393.811,3283983.863,0.19,26.13,0.24,24.33,32.86,1.49,96,406387.973777309,3283987.90488462,14,24
"24","F113",136,114,188,176,88,107,111,135,155,182,175,191,222,210,203,214,228,224,234,233,236,239,231,238,255,269,315,345,373,424,446,476,498,506,516,541,522,506,501,507,493,483,480,483,484,484,484,485,478,484,487,490,498,485,484,476,468,465,471,471,484,538,637,743,896,1052,1201,1354,1572,1771,1994,2107,2236,2306,2386,2227,2608,2629,2547,2606,2611,2629,2635,2655,2688,2678,2627,2717,2762,2741,2785,2814,2831,2878,2951,2945,2942,3004,2936,2949,2960,2966,2884,2924,3028,2994,2947,2985,2924,2683,2909,3124,2836,2952,2867,2833,2915,2933,2838,2965,3009,3029,3064,3094,3077,3129,3186,3218,3244,3287,3298,3334,3347,3380,3402,3430,3431,3485,3454,3439,3415,3408,3357,3274,3293,3214,3006,3101,3409,3473,3327,3167,2687,2938,2869,2812,2774,2803,2803,2813,2800,2849,2855,2810,2851,2874,2956,2982,3026,3099,3129,3163,3189,3232,3230,3233,3228,3339,3319,3289,3310,3252,3235,3078,3145,3178,3081,2998,2982,2701,2867,2833,2745,3328,14998,14998,14998,14998,14998,14998,14998,14998,14998,14998,14998,11376,4294,2432,1578,1597,1600,1497,1368,1406,1301,1289,1327,1341,1463,1340,1370,1405,1411,1442,1438,1509,1565,1600,1623,1650,1693,1709,1731,1766,1774,1784,1799,1808,1792,1856,1873,1863,1905,1947,1992,2000,2008,2008,2054,2082,2068,2055,2081,2091,2086,2107,2067,2070,2060,2045,2046,2032,2010,1988,1984,1960,1962,1908,1884,1869,1853,1875,1840,1871,1832,1832,1771,1772,1698,1728,1703,1787,1828,1899,2348,2836,5138,9234,14171,14998,14998,14998,14998,14998,14998,14998,14998,14998,14998,14998,14998,14998,14998,14998,14998,14998,14998,14998,10358,5632,2351,1701,1224,1018,1003,964,1096,1027,1042,1074,1091,1086,1090,1024,1145,1207,1164,1192,1181,1161,1178,1161,1158,1166,1174,1158,1164,1172,1171,1155,1148,1159,1158,1152,1164,1153,1159,1161,1169,1174,1174,1167,1184,1196,1204,1218,1192,1238,1233,1229,1248,1248,1254,1290,1283,1276,1276,1305,1265,1287,1252,1222,1200,1167,1141,1086,1069,1071,1048,1037,1032,1010,992,981,959,974,966,971,969,937,928,919,910,914,911,906,889,905,868,867,858,834,862,855,784,802,766,807,803,790,811,798,734,744,735,733,725,784,748,911,1821,2269,1524,1656,3083,8506,"OSBS_016","D314_F113","OSBS","OSBS016","D03_BC15","D03_BC14",NA,"QULA3","Quercus","laurifolia","deciduous","laurel oak",NA,NA,NA,NA,NA,NA,NA,"",13.2,-1.4,4.8,-1.4,41,200.9,6.9,8.7,-1.2,9,-1.2,NA,NA,"OSBS_016","BC15; BC14",1.27,31,31,0.4291,0.0138,39.26982963,1.2668,0.0109,NA,20140170.1,-1.861274,-28.5392112,1.9710298,50.0419484,"","OSBS","distributed","basePlot","OSBS016",1600,"40m x 40m",41,29.682391,-81.967449,"WGS84","17N",406393.811,3283983.863,0.19,26.13,0.24,24.33,32.86,1.49,96,406391.349507805,3283977.41698913,18,14
"25","F117",124,180,261,220,146,161,177,184,223,260,261,270,305,297,297,293,319,312,310,330,336,335,335,341,358,371,410,431,445,495,519,545,565,567,595,621,608,606,613,621,619,622,626,627,633,645,654,664,648,665,672,672,690,702,693,705,694,690,698,698,718,773,832,904,1002,1091,1180,1256,1392,1500,1565,1635,1695,1742,1747,1734,1885,1878,1874,1901,1913,1937,1948,1966,1980,1974,1963,2018,2019,2058,2053,2078,2109,2129,2160,2149,2175,2215,2173,2177,2176,2171,2152,2192,2219,2261,2227,2209,2177,2105,2340,2420,2272,2283,2240,2214,2231,2247,2223,2257,2305,2298,2324,2350,2329,2379,2381,2419,2446,2456,2471,2477,2480,2505,2514,2530,2544,2559,2549,2535,2513,2521,2510,2478,2479,2407,2378,2519,2779,2806,2720,2544,2225,2390,2342,2287,2248,2278,2286,2303,2293,2329,2345,2324,2335,2366,2409,2435,2475,2503,2536,2552,2568,2581,2602,2583,2610,2676,2667,2629,2642,2634,2640,2509,2570,2613,2560,2549,2568,2386,2544,2592,2555,3210,14998,14998,14998,14998,14998,14998,14998,14998,14998,14998,14998,14998,5717,2723,1880,1927,1915,1871,1667,1694,1675,1599,1627,1715,1793,1717,1656,1707,1678,1637,1666,1721,1761,1782,1798,1818,1855,1855,1891,1910,1890,1908,1917,1925,1892,1922,1964,1943,1992,2007,2046,2064,2072,2056,2115,2114,2116,2090,2124,2122,2125,2156,2117,2125,2099,2104,2102,2112,2090,2088,2067,2066,2088,2027,2017,1985,1972,2021,1989,2022,1982,1987,1963,1951,1883,1920,1918,1974,2123,2128,2790,3522,6502,13541,14998,14998,14998,14998,14998,14998,14998,14998,14998,14998,14998,14998,14998,14998,14998,14998,14998,14998,14998,14998,14998,8261,3487,2696,1843,1465,1430,1593,1676,1511,1522,1552,1533,1561,1427,1350,1694,1633,1632,1639,1613,1576,1582,1591,1556,1533,1602,1547,1565,1573,1593,1543,1549,1562,1553,1555,1519,1548,1537,1565,1533,1546,1532,1542,1538,1564,1587,1569,1552,1565,1597,1610,1595,1614,1625,1620,1596,1640,1638,1648,1613,1632,1569,1588,1559,1506,1504,1440,1412,1417,1412,1388,1394,1383,1347,1386,1369,1355,1353,1361,1343,1338,1289,1301,1291,1294,1271,1282,1248,1292,1239,1274,1242,1230,1239,1236,1210,1210,1189,1235,1219,1163,1223,1132,1142,1244,1142,1095,1117,1240,1140,1363,1802,2935,2247,2366,4059,8214,"OSBS_013","D314_F117","OSBS","OSBS013","D03_BC15","D03_BC14",NA,"QULA2","Quercus","laevis","deciduous","turkey oak",NA,NA,NA,NA,NA,NA,NA,"",11.9,-2.1,6.5,-1.7,41,329.2,8.6,8.9,-1.8,6.8,-1.6,NA,NA,"OSBS_013","BC15; BC14",1.905,21,21,0.7929,0.0378,59.85482097,2.8502,0.0132,NA,20140170.1,-0.9580934,-31.2974532,1.600007,49.4698471,"","OSBS","distributed","basePlot","OSBS013",1600,"40m x 40m",41,29.682159,-81.961565,"WGS84","17N",406962.935,3283953.463,0.11,42.25,0.16,41.04,43.71,-1.72,10,406958.531431362,3283960.85005511,16,27
"26","F120",112,180,242,218,134,149,154,182,218,250,251,252,285,280,273,279,309,291,297,315,313,312,316,316,322,340,377,399,411,451,478,499,528,527,537,567,553,536,544,556,554,545,551,555,559,563,577,580,571,571,583,589,594,605,598,602,593,588,593,592,607,658,706,785,869,961,1041,1134,1248,1346,1437,1470,1531,1584,1595,1539,1709,1702,1701,1716,1730,1743,1751,1754,1754,1754,1731,1770,1853,1810,1822,1852,1852,1876,1913,1905,1913,1962,1902,1914,1925,1916,1877,1922,1964,1993,1952,1967,1927,1830,2052,2139,2006,2072,1984,1938,1982,1969,1946,1981,2004,2026,2045,2049,2037,2082,2110,2114,2136,2156,2150,2164,2179,2194,2211,2216,2208,2266,2248,2245,2202,2219,2202,2163,2173,2142,2074,2251,2448,2535,2445,2243,1978,2139,2074,2051,1984,2009,2019,2023,2013,2072,2068,2034,2076,2081,2128,2139,2185,2191,2249,2246,2268,2292,2305,2282,2296,2362,2369,2325,2348,2338,2351,2229,2280,2315,2260,2254,2272,2131,2279,2312,2294,3026,14998,14998,14998,14998,14998,14998,14998,14998,14998,14998,14998,14998,5254,3113,1865,1754,1869,1778,1652,1583,1574,1479,1517,1603,1677,1595,1541,1575,1555,1530,1529,1602,1638,1658,1649,1685,1715,1719,1748,1755,1758,1762,1776,1782,1746,1806,1820,1804,1838,1878,1914,1914,1916,1916,1955,1968,1960,1933,1972,1970,1973,2006,1960,1964,1966,1961,1963,1972,1946,1950,1942,1947,1960,1909,1903,1882,1887,1898,1880,1915,1861,1881,1840,1846,1770,1825,1843,1874,2034,2095,2600,3356,5734,14998,14998,14998,14998,14998,14998,14998,14998,14998,14998,14998,14998,14998,14998,14998,14998,14998,14998,14998,14998,14998,13361,6414,2831,2495,1853,1534,1430,1544,1634,1456,1511,1553,1514,1530,1417,1285,1709,1585,1616,1638,1600,1572,1571,1543,1560,1542,1587,1555,1568,1565,1582,1533,1544,1544,1527,1548,1530,1524,1522,1545,1546,1548,1534,1549,1543,1551,1576,1564,1557,1586,1584,1593,1601,1612,1625,1626,1618,1632,1636,1627,1641,1599,1600,1568,1541,1510,1494,1451,1437,1453,1425,1395,1407,1394,1387,1396,1382,1381,1357,1359,1376,1356,1326,1339,1332,1322,1354,1353,1303,1343,1286,1251,1282,1310,1307,1251,1233,1226,1211,1254,1249,1196,1282,1160,1143,1241,1216,1126,1167,1146,1191,1291,1814,2208,2543,2112,4211,8986,"OSBS_013","D314_F120","OSBS","OSBS013","D03_BC15","D03_BC14",NA,"PIPA2","Pinus","palustris","coniferous","longleaf pine",NA,NA,NA,NA,NA,NA,NA,"",14,-1.9,7.9,-1.9,41,101.3,3.7,8.4,-1.7,8.8,-1.4,NA,NA,"OSBS_013","BC15; BC14",NA,20,20,0.9858,0.0493,46.43302,2.3217,0.0212,NA,20140170.1,-2.3033624,-29.9339818,1.0506889,49.1476794,"","OSBS","distributed","basePlot","OSBS013",1600,"40m x 40m",41,29.682159,-81.961565,"WGS84","17N",406962.935,3283953.463,0.11,42.25,0.16,41.04,43.71,-1.72,10,406966.563274237,3283952.73799927,24,19
"27","F123",171,238,314,286,209,218,229,242,265,299,291,303,328,328,321,333,343,333,345,353,345,362,361,354,371,379,422,435,452,491,514,534,545,556,569,598,587,578,583,598,590,593,606,596,604,613,625,633,620,631,638,650,655,671,656,675,653,652,660,662,683,732,800,879,983,1071,1162,1245,1374,1487,1595,1632,1680,1722,1753,1688,1954,1921,1904,1918,1945,1953,1985,2001,2013,2040,2025,2092,2111,2122,2159,2192,2207,2255,2312,2304,2321,2375,2328,2348,2355,2366,2319,2380,2457,2461,2430,2457,2397,2242,2523,2708,2466,2575,2506,2478,2558,2564,2526,2610,2654,2649,2688,2685,2687,2745,2772,2791,2816,2840,2850,2881,2883,2885,2930,2929,2968,2962,2961,2950,2971,2954,2899,2851,2881,2834,2664,2883,3126,3227,3086,2972,2551,2851,2832,2799,2754,2793,2830,2826,2836,2879,2890,2880,2915,2914,2995,3015,3059,3102,3130,3151,3187,3194,3218,3206,3233,3339,3329,3272,3298,3291,3273,3142,3224,3274,3215,3151,3148,2893,3132,3095,2933,3658,14998,14998,14998,14998,14998,14998,14998,14998,14998,14998,14998,13727,4842,3053,2115,2087,2114,2022,1921,1864,1846,1719,1741,1833,1953,1901,1829,1909,1891,1897,1916,2003,2048,2080,2102,2143,2169,2196,2229,2245,2263,2264,2277,2305,2277,2330,2343,2334,2396,2427,2463,2511,2495,2491,2551,2570,2546,2523,2568,2555,2552,2580,2544,2561,2531,2522,2537,2528,2500,2478,2472,2446,2476,2385,2383,2349,2327,2373,2340,2383,2310,2309,2260,2261,2140,2225,2195,2248,2344,2319,2836,3430,5788,10903,14543,14998,14998,14998,14998,14998,14998,14998,14998,14998,14998,14998,14998,14998,14998,14998,14998,14998,14998,14998,8962,5637,2424,2082,1543,1299,1320,1384,1516,1388,1426,1477,1479,1481,1397,1335,1706,1599,1576,1638,1589,1543,1553,1541,1520,1513,1557,1519,1528,1528,1525,1500,1485,1491,1489,1488,1487,1482,1482,1515,1499,1518,1508,1511,1510,1540,1546,1537,1563,1563,1581,1581,1602,1611,1604,1626,1620,1651,1641,1652,1633,1619,1579,1540,1528,1499,1442,1400,1392,1378,1360,1345,1338,1310,1309,1305,1297,1274,1242,1252,1237,1224,1220,1227,1197,1179,1214,1172,1146,1195,1161,1105,1117,1114,1121,1116,1093,1063,1032,1117,1061,997,1051,983,928,977,964,929,892,1013,869,1003,1512,2363,1921,1545,3086,7121,"OSBS_006","D314_F123","OSBS","OSBS006","D03_BC15","D03_BC14",NA,"QULA2","Quercus","laevis","deciduous","turkey oak",NA,NA,NA,NA,NA,NA,NA,">1 individual copice/cluster of regen",0.8,0,0.4,0,41,281.6,9.9,NA,NA,NA,NA,0.8,0.5,"OSBS_006","BC15; BC14",1.905,16,16,0.5394,0.0337,45.60367312,2.8502,0.0118,NA,20140170.1,-2.3783774,-30.4631339,1.4469124,50.4724045,"","OSBS","distributed","basePlot","OSBS006",1600,"40m x 40m",41,29.686609,-81.983,"WGS84","17N",404893.014,3284464.009,0.12,33.02,0.13,32.64,33.6,-1.43,25,404883.316205029,3284465.99967142,10,22
"28","F127",211,196,237,220,150,132,147,161,175,224,220,213,238,237,227,241,250,245,242,253,253,251,254,258,272,298,354,403,451,514,565,593,624,630,649,672,641,618,589,579,557,544,541,521,522,503,494,481,466,469,467,463,446,433,416,400,375,364,364,360,361,442,554,722,933,1150,1334,1521,1756,1949,2121,2217,2301,2374,2405,2290,2608,2571,2538,2561,2576,2582,2582,2604,2610,2596,2563,2624,2657,2640,2684,2688,2706,2741,2787,2764,2799,2839,2767,2775,2793,2783,2704,2763,2815,2825,2764,2798,2727,2560,2801,2935,2724,2783,2706,2653,2684,2698,2649,2710,2743,2746,2802,2799,2821,2863,2888,2921,2944,2997,2984,3027,3040,3074,3093,3085,3111,3116,3116,3105,3076,3087,3024,2978,2977,2930,2797,2982,3254,3287,3133,2909,2497,2663,2578,2519,2447,2472,2461,2474,2457,2506,2496,2461,2494,2524,2573,2608,2642,2710,2745,2753,2781,2803,2835,2819,2829,2908,2902,2862,2859,2832,2824,2678,2729,2749,2648,2557,2519,2308,2407,2383,2285,2907,14998,14998,14998,14998,14998,14998,14998,14998,14998,14998,14998,11562,3889,1934,1182,1103,1100,1132,894,902,814,750,799,864,875,841,825,844,836,839,864,915,949,980,1001,1035,1060,1073,1112,1131,1148,1163,1187,1201,1201,1246,1257,1263,1305,1340,1379,1395,1405,1411,1448,1466,1467,1461,1484,1481,1495,1506,1479,1490,1477,1479,1469,1471,1444,1431,1416,1406,1401,1349,1347,1326,1311,1323,1285,1300,1266,1254,1217,1211,1152,1182,1165,1215,1316,1418,1787,2293,4340,8701,12868,14998,14998,14998,14998,14998,14998,14998,14998,14998,14998,14998,14998,14998,14998,14998,14998,14998,14998,13452,8018,3963,2106,1084,710,501,624,553,515,486,488,489,501,493,506,527,665,613,615,600,586,557,568,583,585,594,603,599,596,594,592,596,591,599,598,610,606,612,627,617,633,637,634,639,650,668,676,671,689,691,699,705,716,737,732,738,747,750,731,737,744,735,709,688,671,667,654,615,600,603,584,583,557,572,553,547,547,531,535,527,512,520,496,475,482,478,484,475,480,483,456,459,448,433,462,458,419,422,455,398,408,409,407,387,431,433,368,423,388,445,448,662,1470,1663,1406,1423,3027,6166,"OSBS_006","D314_F127","OSBS","OSBS006","D03_BC15","D03_BC14",NA,"PIPA2","Pinus","palustris","coniferous","longleaf pine",NA,NA,NA,NA,NA,NA,NA,"",16.8,-1.9,7,-1.9,41,213.7,8.2,7.3,-1.5,8.8,-1.5,NA,NA,"OSBS_006","BC15; BC14",NA,16,16,1.1059,0.0691,41.09826,2.5686,0.0269,NA,20140170.1,-3.316565,-29.4214574,0.7119624,50.106878,"","OSBS","distributed","basePlot","OSBS006",1600,"40m x 40m",41,29.686609,-81.983,"WGS84","17N",404893.014,3284464.009,0.12,33.02,0.13,32.64,33.6,-1.43,25,404888.464275695,3284457.1869762,15,13
"29","F131",49,65,97,65,40,31,42,52,48,61,66,62,69,63,50,49,57,50,47,54,62,56,56,54,58,56,69,69,70,77,80,83,88,89,89,102,90,95,93,97,93,101,95,96,96,99,103,100,101,105,109,114,113,119,124,124,122,123,126,127,134,152,162,179,202,223,250,277,329,365,412,446,483,512,534,556,687,625,618,630,646,652,666,673,687,688,697,721,737,733,751,758,774,786,822,810,816,843,830,837,841,841,829,852,864,877,858,859,843,805,931,948,865,891,862,843,853,868,867,882,898,907,940,938,946,957,987,995,1015,1035,1039,1050,1065,1082,1088,1097,1102,1121,1119,1105,1093,1101,1077,1057,1040,1009,976,1027,1098,1081,1052,945,833,882,862,842,833,850,850,850,853,876,879,872,879,896,918,932,944,966,984,1005,1012,1024,1039,1037,1057,1073,1070,1052,1056,1044,1029,964,970,963,909,864,829,746,740,721,661,789,4809,14998,14998,14998,14998,14998,14998,11894,11565,5657,4279,2178,805,511,326,272,298,296,240,236,218,205,212,230,236,222,233,252,250,263,270,286,298,306,314,327,338,348,354,365,367,375,380,390,395,400,409,403,421,431,449,450,457,455,468,467,475,468,470,471,470,470,467,469,460,468,466,462,449,451,447,440,436,419,410,403,402,406,401,404,381,381,366,360,342,341,330,336,335,369,375,508,905,1495,2325,8315,14998,14998,14998,14998,14998,14998,14998,14998,14998,6833,4832,6863,3542,14998,14998,14998,2723,765,1312,1013,313,193,184,169,165,128,134,116,126,136,129,141,128,137,218,183,198,172,166,162,161,166,166,159,169,173,164,173,170,171,167,164,163,179,174,173,172,180,187,182,184,186,186,182,194,186,193,197,201,192,201,201,217,212,204,204,214,214,210,207,204,190,186,174,178,172,165,165,160,157,149,156,159,160,154,149,144,144,143,129,137,139,145,139,136,138,133,141,128,134,147,112,113,104,138,129,122,110,100,113,111,103,121,154,101,119,105,104,126,184,235,491,412,438,698,1711,"OSBS_009","D314_F131","OSBS","OSBS009","D03_BC15","D03_BC14",NA,"ACRU","Acer","rubrum","deciduous","red maple",NA,NA,NA,NA,NA,NA,NA,"big tree trunk snapped at ~11m",13,-2.7,1.9,-2.7,41,189.6,2.2,5.3,-1.4,3.8,-1.5,NA,NA,"OSBS_009","BC15; BC14",1.905,23,23,0.347,0.0151,65.55528011,2.8502,0.0053,NA,20140170.1,2.5806142,-31.8119338,2.0321382,48.2804116,"","OSBS","distributed","basePlot","OSBS009",1600,"40m x 40m",41,29.698798,-82.017543,"WGS84","17N",401562.68,3285843.578,0.2,31.45,0.37,25.72,31.45,-1.15,180,401562.313108757,3285841.40880872,20,18
"30","F135",98,108,136,97,59,70,65,87,84,99,94,100,107,91,98,100,101,95,94,99,100,99,97,103,106,120,151,176,209,249,284,306,320,327,334,340,332,301,278,264,255,235,237,229,227,213,210,205,192,190,198,188,178,171,160,164,156,155,158,158,164,210,269,411,596,794,997,1190,1466,1759,2055,2295,2514,2678,2785,2689,3101,3072,3033,3064,3106,3095,3096,3101,3122,3114,3049,3128,3156,3153,3206,3266,3272,3336,3396,3369,3408,3477,3403,3394,3422,3389,3295,3265,3348,3335,3281,3324,3244,2962,2954,3136,2941,2998,2918,2928,3047,3137,3105,3191,3293,3318,3377,3396,3378,3455,3482,3514,3567,3600,3597,3653,3655,3682,3705,3719,3719,3731,3727,3681,3649,3641,3583,3453,3409,3300,3013,2846,2895,2961,2953,2890,2431,2580,2608,2659,2697,2751,2756,2775,2748,2784,2822,2776,2814,2832,2873,2948,2991,3066,3092,3116,3151,3167,3178,3178,3173,3255,3229,3162,3171,3118,3066,2884,2906,2892,2742,2649,2576,2267,2308,2227,1990,1977,6058,14998,14998,14998,14998,14998,14998,14229,13271,6705,5572,2546,1201,748,515,527,491,547,493,518,523,491,501,513,575,552,595,660,693,720,757,821,863,901,935,982,1026,1046,1088,1119,1141,1168,1190,1209,1204,1258,1287,1287,1322,1353,1383,1417,1414,1417,1468,1483,1468,1466,1477,1469,1472,1503,1473,1502,1495,1491,1478,1475,1454,1443,1424,1407,1398,1344,1324,1294,1282,1275,1246,1259,1210,1179,1136,1113,1032,1044,990,1005,973,952,984,1023,1414,2821,2807,13874,14998,14998,14998,14998,14998,14998,14998,14998,14998,10166,3485,4468,3456,14998,14998,14998,4020,1951,1104,597,401,305,206,126,110,189,175,177,184,206,210,217,215,223,303,284,321,322,316,326,340,343,360,365,395,396,410,404,430,418,435,446,448,454,460,474,474,486,493,506,504,512,513,528,532,540,537,553,555,564,571,569,572,589,589,606,607,615,603,613,599,574,573,553,541,529,517,510,499,484,473,456,455,433,432,410,389,398,392,373,363,350,356,335,327,332,308,300,279,262,274,273,263,251,245,223,239,211,214,193,218,188,196,198,187,181,163,178,198,285,414,839,517,613,939,2017,"OSBS_009","D314_F135","OSBS","OSBS009","D03_BC15","D03_BC14",NA,"VIRO3","Vitis","rotundifolia","deciduous","muscadine",NA,NA,NA,NA,NA,NA,NA,"essentially ground cover sprawling over fallen logs",1,0,0.2,0,41,21,4,NA,NA,NA,NA,0.8,0.6,"OSBS_009","BC15; BC14",1.905,18,18,0.2639,0.0147,51.30413226,2.8502,0.0051,NA,20140170.11,0.6732328,-30.6763597,2.1835958,47.2569891,"","OSBS","distributed","basePlot","OSBS009",1600,"40m x 40m",41,29.698798,-82.017543,"WGS84","17N",401562.68,3285843.578,0.2,31.45,0.37,25.72,31.45,-1.15,180,401564.113471798,3285847.31232171,21,24
"31","F137",95,101,161,157,90,94,105,118,116,143,147,136,157,160,148,153,155,152,155,153,154,157,156,162,165,187,220,265,296,357,400,416,445,450,460,465,449,414,393,377,362,339,336,331,323,308,305,305,282,278,283,280,266,257,251,242,227,227,231,233,242,306,397,566,793,1057,1311,1560,1968,2335,2776,3108,3369,3616,3760,3531,4114,4156,4055,4147,4176,4143,4141,4194,4234,4175,4032,4197,4273,4246,4316,4409,4455,4488,4611,4589,4571,4682,4596,4594,4591,4586,4389,4383,4524,4490,4388,4466,4375,3853,3828,4253,3825,3960,3885,3920,4121,4290,4158,4337,4472,4509,4579,4613,4612,4723,4750,4816,4899,4923,4942,4990,5057,5065,5086,5147,5153,5181,5115,5099,5038,5027,4910,4763,4682,4497,3995,3776,3933,4224,4075,3986,3162,3504,3568,3660,3693,3797,3812,3788,3790,3892,3914,3849,3924,3955,4053,4122,4195,4318,4401,4421,4429,4526,4523,4506,4501,4635,4626,4530,4540,4472,4393,4117,4168,4170,3944,3798,3631,3114,3270,3164,2769,2994,14998,14998,14998,14998,14998,14998,14998,14998,14998,14998,14998,6754,2417,1190,797,774,739,753,680,674,691,656,662,698,788,777,772,886,925,973,1008,1098,1156,1224,1258,1325,1386,1430,1503,1514,1557,1599,1624,1643,1659,1725,1764,1755,1807,1855,1914,1941,1972,1966,2043,2061,2046,2040,2067,2071,2072,2091,2056,2078,2054,2054,2051,2025,2010,1978,1960,1917,1920,1827,1799,1756,1731,1743,1686,1714,1615,1605,1511,1498,1375,1404,1338,1344,1268,1318,1396,1587,2852,6249,7782,14998,14998,14998,14998,14998,14998,14998,14998,14998,14998,14998,14998,12923,12864,14998,14998,14998,14998,7499,4454,4289,469,216,260,258,255,234,282,250,265,281,290,312,299,298,434,380,416,440,440,439,444,465,481,481,502,516,535,544,581,575,589,603,606,617,623,635,644,659,660,679,681,684,694,698,719,708,722,737,739,737,755,770,772,787,800,801,802,805,798,807,785,767,762,713,715,682,668,658,642,622,620,594,584,558,552,538,514,515,501,497,471,456,446,419,426,424,405,419,379,335,358,361,335,313,289,316,286,294,287,265,300,255,256,268,239,254,241,268,325,396,1298,1505,1128,1058,2048,8289,"OSBS_001","D314_F137","OSBS","OSBS001","D03_BC15","D03_BC14",NA,"QUNI","Quercus","nigra","deciduous","water oak",NA,NA,NA,NA,NA,NA,NA,"",9.2,-1.6,6.9,-1.6,41,285.8,6.6,7,-1.5,7.3,-1.5,NA,NA,"OSBS_001","BC15; BC14",1.905,17,17,0.3725,0.0219,48.45390269,2.8502,0.0077,NA,20140170.11,-2.7384494,-30.8827388,1.761907,49.266687,"REPLICATED; values here for first run only","OSBS","distributed","basePlot","OSBS001",1600,"40m x 40m",41,29.702914,-82.008881,"WGS84","17N",402404.659,3286292.352,0.14,31,0.23,27.49,34.04,-0.29,5,402398.308361243,3286294.14904963,14,22
"32","F138",125,83,161,117,63,71,73,77,87,103,84,102,103,99,94,90,105,96,99,98,98,102,101,99,101,112,137,168,178,210,237,251,269,270,274,291,274,258,243,236,224,216,217,204,207,205,200,205,194,189,193,192,177,179,178,176,165,167,170,172,181,228,274,363,484,604,722,845,1013,1184,1345,1480,1602,1681,1745,1704,2045,1959,1917,1949,1973,1981,2007,2004,2017,2010,1980,2062,2092,2088,2111,2143,2142,2188,2254,2228,2255,2297,2240,2250,2274,2267,2182,2206,2247,2254,2218,2251,2188,1998,2184,2264,2112,2126,2082,2053,2120,2151,2121,2185,2232,2274,2296,2310,2325,2370,2391,2413,2444,2459,2498,2533,2531,2553,2582,2582,2582,2606,2618,2576,2567,2535,2503,2426,2396,2333,2158,2166,2303,2327,2287,2102,1777,1921,1884,1884,1886,1902,1910,1913,1915,1949,1958,1938,1966,1982,2028,2069,2114,2157,2209,2220,2242,2257,2275,2280,2299,2356,2330,2301,2306,2264,2223,2080,2104,2104,1986,1905,1843,1604,1655,1602,1489,1813,11475,14998,14998,14998,14998,14998,14998,14998,14998,14998,14372,4860,2231,798,594,469,498,506,429,408,377,356,383,412,438,419,416,461,474,489,516,550,571,604,626,653,681,702,729,748,763,775,794,807,817,849,864,864,890,916,949,960,970,967,998,1007,1000,1000,1016,1023,1021,1030,1017,1016,1009,1006,1001,1000,981,970,963,944,941,902,890,865,864,864,846,850,796,807,764,749,686,716,693,694,682,748,873,982,1753,4692,6877,14998,14998,14998,14998,14998,14998,14998,14998,14998,14998,14998,14998,14998,14998,14998,14998,14998,14998,5558,1997,2702,605,649,310,236,209,178,191,184,175,176,195,196,184,204,250,215,276,246,260,265,266,267,272,273,278,291,302,309,322,310,313,316,328,327,331,335,347,350,358,356,353,366,362,368,381,375,390,385,389,395,382,402,403,412,419,415,428,429,424,415,408,392,383,377,367,353,350,345,340,314,320,313,311,303,295,283,281,277,270,273,254,257,232,235,234,253,214,241,226,232,204,227,214,209,183,175,147,184,189,172,173,156,143,202,183,153,131,239,201,497,430,1591,840,616,1556,5393,"OSBS_001","D314_F138","OSBS","OSBS001","D03_BC15","D03_BC14",NA,"QUNI","Quercus","nigra","deciduous","water oak",NA,NA,NA,NA,NA,NA,NA,"",8.6,-1.6,5.8,-1.5,41,336.1,7.1,7.1,-1.5,6,-1.5,NA,NA,"OSBS_001","BC15; BC14",1.905,21,21,0.409,0.0195,59.85482097,2.8502,0.0068,NA,20140170.11,-2.8694756,-30.0836311,1.9403582,49.111698,"","OSBS","distributed","basePlot","OSBS001",1600,"40m x 40m",41,29.702914,-82.008881,"WGS84","17N",402404.659,3286292.352,0.14,31,0.23,27.49,34.04,-0.29,5,402401.782494734,3286298.84320308,17,26
